Customer,Phone,Personnummer,BankAccount,Street,PostalCode,City
Sofie Ibrahim,0616086088,400118-5901,SE8902EPWK73250364544965,Ängsvägen 03,14010,Gävle
Sofie Ibrahim,0616086088,400118-5901,SE8902IDSK51225196610969,Ängsvägen 03,14010,Gävle
Mona Lundgren,039610164,391117-9285,SE8902OGIV86383792142837,Kyrkvägen 084,49722,Göteborg
Mona Lundgren,039610164,391117-9285,SE8902QZEZ52320024971424,Kyrkvägen 084,49722,Göteborg
Tuulikki Blomqvist,091893910,981215-7254,SE8902DWZI85436013187521,Kvarnvägen 654,94181,Borås
Tuulikki Blomqvist,091893910,981215-7254,SE8902UJGR36411837401781,Kvarnvägen 654,94181,Borås
Tuulikki Blomqvist,091893910,981215-7254,SE8902VAPD72818464374400,Kvarnvägen 654,94181,Borås
Tuulikki Blomqvist,091893910,981215-7254,SE8902VEIB72029945509184,Kvarnvägen 654,94181,Borås
Tuulikki Blomqvist,091893910,981215-7254,SE8902CHSI75448480838708,Kvarnvägen 654,94181,Borås
Maria Lund,0113960907,960709-2138,SE8902XPHQ15953762308017,Idrottsgatan 29,95515,Eskilstuna
Maria Lund,0113960907,960709-2138,SE8902VBHN50052224387585,Idrottsgatan 29,95515,Eskilstuna
Isabelle Hjelm-Larsson,020791712,480306-8115,SE8902URSS59260219235990,Åkervägen 971,90160,Sundsvall
Camilla Johansson,086119616,940125-0585,SE8902IQRO13056391101908,Åkertorget 069,39757,Motala
Hanna Hassan,0378839090,410710-9094,SE8902GXLB05514229654020,Villavägen 3,86247,Kristianstad
Hanna Hassan,0378839090,410710-9094,SE8902KWAF90270853352878,Villavägen 3,86247,Kristianstad
Hanna Hassan,0378839090,410710-9094,SE8902MLNA56994057710583,Villavägen 3,86247,Kristianstad
Hanna Hassan,0378839090,410710-9094,SE8902JIJC96071565969922,Villavägen 3,86247,Kristianstad
Lova Sundberg-Olsson,0964732815,970509-1354,SE8902BWXT39949824641151,Storstigen 811,77717,Kristianstad
Lova Sundberg-Olsson,0964732815,970509-1354,SE8902TKNC87869236455689,Storstigen 811,77717,Kristianstad
Lova Sundberg-Olsson,0964732815,970509-1354,SE8902PSRJ65756431691707,Storstigen 811,77717,Kristianstad
Anna Rosenberg,024656112,460430-5393,SE8902SILE68578227700598,Ekgatan 995,22276,Östersund
Anna Rosenberg,024656112,460430-5393,SE8902UTKP18439002370878,Ekgatan 995,22276,Östersund
Anna Rosenberg,024656112,460430-5393,SE8902HQID54921038055598,Ekgatan 995,22276,Östersund
Ida Haraldsson,050737603,050129-1702,SE8902CMWE25531271390672,Nygränd 66,29051,Östersund
Mary Persson,089217079,650907-0865,SE8902ZWKL91581622045409,Järnvägsstigen 4,45736,Östersund
Mary Persson,089217079,650907-0865,SE8902NHEC01255630352421,Järnvägsstigen 4,45736,Östersund
Stina Jansson,082932734,970320-1955,SE8902HRZI51889347255465,Björkgatan 6,17233,Mölndal
Stina Jansson,082932734,970320-1955,SE8902AVQC54172602808950,Björkgatan 6,17233,Mölndal
Mari Granath Åkesson,0876406043,390120-3251,SE8902YHDH55973704252760,Ringvägen 046,63456,Karlstad
Mari Granath Åkesson,0876406043,390120-3251,SE8902BABM26306156053804,Ringvägen 046,63456,Karlstad
Mari Granath Åkesson,0876406043,390120-3251,SE8902UNAU13611272599268,Ringvägen 046,63456,Karlstad
Karin Nilsson,097597092,870510-7632,SE8902ZJVA11817265425330,Stationsstigen 7,38873,Östersund
Kerstin Andersson,018687732,890713-4053,SE8902JFQL02168511886094,Kyrkgatan 214,41710,Landskrona
Kerstin Andersson,018687732,890713-4053,SE8902COVG23577172278709,Kyrkgatan 214,41710,Landskrona
Kerstin Andersson,018687732,890713-4053,SE8902HWHC81157429988113,Kyrkgatan 214,41710,Landskrona
Maria Eklund,062568813,410316-8359,SE8902IDYW61560887680926,Strandgatan 860,99872,Mölndal
Amanda Lundgren,0811565400,540225-7553,SE8902VBXW33852287376238,Parktorget 58,26034,Mölndal
Maria Berg,050765496,020819-5933,SE8902TTDD62882365317340,Skolvägen 78,53191,Landskrona
Joanna Åkerlund,064521510,000112-4718,SE8902JDLY63782567946635,Backstigen 81,88068,Karlskoga
Joanna Åkerlund,064521510,000112-4718,SE8902PKJC56529381306922,Backstigen 81,88068,Karlskoga
Margareta Eriksson,0919781565,860806-5499,SE8902PLTU47854504283727,Parkgatan 083,83788,Göteborg
Anna Andersson,08116741,551226-2535,SE8902QBPI92232356394837,Ringstigen 91,55006,Varberg
Anna Andersson,08116741,551226-2535,SE8902NPMZ64718534936104,Ringstigen 91,55006,Varberg
Laila Fransson Hedlund,067400026,960812-8352,SE8902ERJA13877835143324,Åkertorget 022,19742,Lidköping
Agnes Karlsson,031619436,491206-5150,SE8902OKVE09579666832306,Stationstorget 867,86539,Skövde
Elsa Svensson,08802481,920430-0215,SE8902BPMW61406251979814,Björkgränd 34,11776,Umeå
Elsa Svensson,08802481,920430-0215,SE8902YLGE04073464233597,Björkgränd 34,11776,Umeå
Kristina Åström,068486567,590612-4861,SE8902TCZL47145018856917,Ängsgränd 76,38179,Uddevalla
Gunnel Pettersson,040036909,680414-8994,SE8902ZNRZ32368916134263,Trädgårdsgatan 84,30993,Malmö
Gunnel Pettersson,040036909,680414-8994,SE8902WSHS28438837480311,Trädgårdsgatan 84,30993,Malmö
Agneta Ekman,0877949477,850328-3593,SE8902NDNE36671961231780,Trädgårdsvägen 630,98581,Karlskrona
Cecilia Ottosson Lindblom,0626190020,680912-5039,SE8902OLFT37200388827050,Fabrikstorget 009,16221,Trollhättan
Cecilia Ottosson Lindblom,0626190020,680912-5039,SE8902JQHT00463203687003,Fabrikstorget 009,16221,Trollhättan
Cecilia Ottosson Lindblom,0626190020,680912-5039,SE8902IIVG09252145366202,Fabrikstorget 009,16221,Trollhättan
Ester Ekelund,08834804,380518-3252,SE8902EYGF77551822415743,Åkergatan 231,83376,Norrköping
Sabina Johansson-Omar,0851255171,000615-6756,SE8902LVSQ11356198112962,Grangatan 745,55460,Piteå
Erika Wiberg Nilsson,0193966236,690811-8372,SE8902YVWX44120455116841,Stortorget 8,83044,Östersund
Erika Wiberg Nilsson,0193966236,690811-8372,SE8902DQWP79606697709694,Stortorget 8,83044,Östersund
Erika Wiberg Nilsson,0193966236,690811-8372,SE8902XXCG81260198384509,Stortorget 8,83044,Östersund
Edit Ahlström-Samuelsson,081900156,040605-9147,SE8902UTYY22254486734176,Skolvägen 425,75756,Växjö
Olga Carlsson,0852054161,970114-2821,SE8902UPQN50233742051449,Björkstigen 020,55468,Växjö
Madeleine Larsson Lundström,08444150,950821-8626,SE8902EWZR85142291879165,Trädgårdsstigen 574,45955,Malmö
Ellen Nilsson,041803983,000807-9626,SE8902KLMT84633622382072,Parkvägen 543,51729,Falun
Ellen Nilsson,041803983,000807-9626,SE8902DBWG37143242474670,Parkvägen 543,51729,Falun
Maj-Britt Hagberg-Bergström,0869652901,411210-1656,SE8902MTEW80340871788369,Kvarngatan 389,47183,Sandviken
Maj-Britt Hagberg-Bergström,0869652901,411210-1656,SE8902WSLA24954889786348,Kvarngatan 389,47183,Sandviken
Maj-Britt Hagberg-Bergström,0869652901,411210-1656,SE8902VJHZ33855900402507,Kvarngatan 389,47183,Sandviken
Eva Pettersson-Karlberg,0822241239,511005-5604,SE8902DZEM65843874009450,Skolgränd 627,58873,Falun
Louise Blomqvist,0749829886,030603-7102,SE8902GFAS09862022036004,Furuvägen 38,87020,Motala
Louise Blomqvist,0749829886,030603-7102,SE8902IWLJ80369151603079,Furuvägen 38,87020,Motala
Stina Larsson Andersson,068890255,980203-2699,SE8902AORR62231578413137,Bäckgränd 61,45259,Nyköping
Stina Larsson Andersson,068890255,980203-2699,SE8902UOQA63786044169527,Bäckgränd 61,45259,Nyköping
Kristina Ekman Gustafsson,097369010,661104-6993,SE8902TJBO76009734317061,Skogsvägen 668,13429,Skellefteå
Kristina Ekman Gustafsson,097369010,661104-6993,SE8902KIDF78947091109600,Skogsvägen 668,13429,Skellefteå
Kristina Brandt,0940483642,890522-1597,SE8902FUJI48043244293392,Industrigatan 1,34708,Falun
Kristina Brandt,0940483642,890522-1597,SE8902QPHE36884244476446,Industrigatan 1,34708,Falun
Joanna Torstensson-Svensson,089002332,761115-2401,SE8902RQLR53927445231063,Bäckgränd 425,11910,Karlskoga
Lilian Andersson,0838991423,930408-3224,SE8902VATX29635590400151,Åkervägen 4,44158,Landskrona
Karin Persson,0607748226,490201-7484,SE8902MMZN38846965231738,Furutorget 513,94184,Trelleborg
Eivor Svensson,0811844669,700606-8501,SE8902DAYC14364335693782,Kvarngränd 3,96302,Örebro
Eivor Svensson,0811844669,700606-8501,SE8902FALW17606613401607,Kvarngränd 3,96302,Örebro
Julia Karlsson,082881287,020207-5792,SE8902WZEL99650586037049,Grangatan 75,60901,Sundsvall
Victoria Ek,0613388238,430330-6577,SE8902DRZG97085120488113,Skolstigen 67,98473,Halmstad
Victoria Ek,0613388238,430330-6577,SE8902QJSX02120298481356,Skolstigen 67,98473,Halmstad
Victoria Ek,0613388238,430330-6577,SE8902IMEB42197421849807,Skolstigen 67,98473,Halmstad
Maria Eriksson,085859283,410918-5795,SE8902JXJJ56306612147768,Villavägen 913,50242,Motala
Maria Eriksson,085859283,410918-5795,SE8902AZMF62874749728667,Villavägen 913,50242,Motala
Eva Jonsson-Berg,0870413366,750529-8526,SE8902TRVE47135720140849,Åkervägen 73,17660,Halmstad
Anna Wahlström Lundin,024255432,630412-3000,SE8902KNBO14478747094323,Bäcktorget 44,72114,Örnsköldsvik
Anna Wahlström Lundin,024255432,630412-3000,SE8902PQTU50864263302777,Bäcktorget 44,72114,Örnsköldsvik
Tindra Jonsson,08457506,031129-0464,SE8902YUYG10929263320035,Nyvägen 75,11633,Linköping
Tindra Jonsson,08457506,031129-0464,SE8902LUTP25647153659821,Nyvägen 75,11633,Linköping
Sandra Sjöberg,0572408625,560511-1326,SE8902ZDMU73833226690524,Skolgatan 929,43096,Malmö
Sandra Sjöberg,0572408625,560511-1326,SE8902LFPB25372838213647,Skolgatan 929,43096,Malmö
Zahra Flink,018861359,801116-3071,SE8902MJPO40977388006286,Björkgatan 56,65143,Piteå
Helen Johansson,0827276713,980130-3422,SE8902PLXR29095818137187,Industrigränd 1,28362,Lund
Helen Johansson,0827276713,980130-3422,SE8902QIQI47434237190569,Industrigränd 1,28362,Lund
Alice Lundgren,082871926,980122-7878,SE8902CRWQ10550122839130,Ringvägen 76,26134,Landskrona
Birgitta Ståhl-Hultgren,0868310412,610329-4028,SE8902PVRO74801343887399,Fabriksvägen 6,72388,Sundsvall
Margareta Lund,08932407,540220-9521,SE8902KPIO16227949467449,Nygatan 6,62937,Landskrona
Tova Gustafsson Bengtsson,08947071,901208-9356,SE8902OZOM23207181936410,Nyvägen 622,39305,Kristianstad
Tova Gustafsson Bengtsson,08947071,901208-9356,SE8902NVPZ06971021222436,Nyvägen 622,39305,Kristianstad
Tova Gustafsson Bengtsson,08947071,901208-9356,SE8902KLVA35234334264887,Nyvägen 622,39305,Kristianstad
Ann Nilsson,0617777210,901104-3719,SE8902SNNM24012074185591,Idrottsvägen 8,63552,Sundsvall
Agnes Åberg,0840225592,841210-2173,SE8902DRXY50176432565193,Åkerstigen 22,50789,Skellefteå
Lilian Axelsson,0884011420,030417-5920,SE8902YMVD57211621327275,Storvägen 0,73994,Luleå
Lilian Axelsson,0884011420,030417-5920,SE8902WRRU80784544437204,Storvägen 0,73994,Luleå
Kristina Hansen,068557210,840921-6200,SE8902GAFL88123638280516,Aspstigen 13,51357,Sundsvall
Anna Dahlin Ågren,099738724,810113-7506,SE8902JPPD16064860435781,Furugränd 88,90312,Ängelholm
Ingrid Bäckström Persson,08806676,521117-6978,SE8902FSHA42297476809642,Järnvägsstigen 49,74337,Lidköping
Ingrid Bäckström Persson,08806676,521117-6978,SE8902LWGY12400441776877,Järnvägsstigen 49,74337,Lidköping
Ulla Hellman,0824496417,891106-8834,SE8902OYBW39299291170957,Ekstigen 60,15004,Malmö
Maria Axelsson,08781907,891101-6767,SE8902IJUF89235594362096,Nytorget 91,88709,Lidköping
Maria Axelsson,08781907,891101-6767,SE8902DPTT93032573974424,Nytorget 91,88709,Lidköping
Linnéa Eriksson-Byström,086241563,441112-0035,SE8902WJJF53894909945600,Skolstigen 45,97546,Borås
Birgitta Nilsson,010682013,640113-3456,SE8902NZPO70353430427963,Idrottsvägen 51,52369,Borås
Birgitta Nilsson,010682013,640113-3456,SE8902IMDH11855815032434,Idrottsvägen 51,52369,Borås
Birgitta Nilsson,010682013,640113-3456,SE8902UITH42469834496346,Idrottsvägen 51,52369,Borås
Louise Wall,0527575290,990215-7727,SE8902QPGW46075376024266,Parkgatan 961,17045,Karlstad
Carina Pettersson Nylander,031323562,680723-0690,SE8902LKXQ69920608322446,Trädgårdsvägen 31,88094,Alingsås
Maria Frank,043462904,430815-3222,SE8902PCFD04141042982858,Åkergränd 4,90224,Kristianstad
Astrid Backlund,018841112,981103-6731,SE8902FAAO97542766702624,Kyrkvägen 880,57118,Lund
Astrid Backlund,018841112,981103-6731,SE8902ONZU44479921442383,Kyrkvägen 880,57118,Lund
Sara Svensson,053139671,860309-0559,SE8902POYE56306553396402,Bäckvägen 7,36384,Linköping
Christina Olofsson,087918236,900316-6783,SE8902IEHG40560196591529,Fabriksvägen 0,32908,Örebro
Cristina Persson,081926375,620626-8408,SE8902BUFN52320844378385,Grantorget 4,47164,Skövde
Margareta Olsson,0270574929,671203-2561,SE8902VDAM04395711962652,Storgränd 355,35602,Lund
Gun Jansson,006488926,431218-4601,SE8902EJLS77341060789288,Ringgatan 9,57499,Sandviken
Gun Jansson,006488926,431218-4601,SE8902POUN96279557917869,Ringgatan 9,57499,Sandviken
Gun Jansson,006488926,431218-4601,SE8902VYBF24172056441453,Ringgatan 9,57499,Sandviken
Gun Jansson,006488926,431218-4601,SE8902KKUH06675943754803,Ringgatan 9,57499,Sandviken
Linnéa Ottosson,0661581123,951215-6036,SE8902DSLW17149818922650,Granstigen 1,94751,Borås
Linnéa Ottosson,0661581123,951215-6036,SE8902MQKC26955141529313,Granstigen 1,94751,Borås
Linnéa Ottosson,0661581123,951215-6036,SE8902XNEE54146257506129,Granstigen 1,94751,Borås
Ylva Nilsson,08268510,930323-2665,SE8902BXJC93392072105707,Stationstorget 1,10349,Trollhättan
Tindra Karlsson Åkesson,080958867,450531-4726,SE8902MZQD36471607948390,Parkstigen 76,10347,Skövde
Tindra Karlsson Åkesson,080958867,450531-4726,SE8902ZXBS27847759587560,Parkstigen 76,10347,Skövde
Tindra Karlsson Åkesson,080958867,450531-4726,SE8902CGGR69488718084568,Parkstigen 76,10347,Skövde
Tindra Karlsson Åkesson,080958867,450531-4726,SE8902LJOL22570334014589,Parkstigen 76,10347,Skövde
Gunilla Olofsson,0887093032,050501-4027,SE8902PGCD42349227810447,Kvarngränd 697,46408,Karlskoga
Anna Lindström Sandgren,016112215,521207-7944,SE8902NUWT16017828621340,Industrigatan 0,33881,Malmö
Tina Larsson,08450642,050608-5364,SE8902EPQO36893099676290,Genstigen 97,72115,Lidingö
Iris Nilsson,072765548,490129-6196,SE8902MERM08934535145689,Bäckgatan 1,75985,Varberg
Iris Nilsson,072765548,490129-6196,SE8902DCRG03419581347172,Bäckgatan 1,75985,Varberg
Ann-Marie Sandberg,084126354,750324-2856,SE8902JWPZ44810854846338,Fabriksstigen 316,76177,Karlstad
Caroline Nordström Andreasson,08528073,540522-6134,SE8902KEUK66106098793775,Ringstigen 6,20479,Trelleborg
Caroline Nordström Andreasson,08528073,540522-6134,SE8902WQDY35666811304216,Ringstigen 6,20479,Trelleborg
Caroline Nordström Andreasson,08528073,540522-6134,SE8902IFAT25470340151750,Ringstigen 6,20479,Trelleborg
Caroline Karlsson-Hellberg,0458207386,460425-7487,SE8902CKLN78195298715336,Nygatan 91,83897,Landskrona
Alexandra Olsson,0897647521,950407-8487,SE8902OBIX76276487885565,Bäckvägen 3,43869,Helsingborg
Ingrid Bergvall,024260358,910519-4634,SE8902VTXY24068790036789,Furugatan 8,48627,Karlstad
Anita Johansson,0998742480,960825-5072,SE8902EQDP30307774877765,Industristigen 03,40614,Göteborg
Anita Johansson,0998742480,960825-5072,SE8902YOEW30639718787528,Industristigen 03,40614,Göteborg
Anita Johansson,0998742480,960825-5072,SE8902CKBV64663475183727,Industristigen 03,40614,Göteborg
Charlotte Engström,0833806059,910827-2437,SE8902WRAH16184147348462,Bäckgatan 8,85966,Halmstad
Charlotte Engström,0833806059,910827-2437,SE8902BADP38378986803145,Bäckgatan 8,85966,Halmstad
Gunvor Magnusson Öberg,0814961854,841022-4763,SE8902MEJF62740560811988,Backgatan 8,81672,Karlskoga
Ulla Melin,045250815,760413-8730,SE8902KQTT53706765844553,Aspvägen 0,37416,Trollhättan
Ulla Melin,045250815,760413-8730,SE8902IGKY05275707479128,Aspvägen 0,37416,Trollhättan
Dagny Svensson,021254331,981014-7646,SE8902JXNJ08943900596647,Bäckstigen 252,74950,Borlänge
Ulrika Larsson,014143154,681010-5228,SE8902ZJLO95363862694613,Skolvägen 98,40809,Borlänge
Ulrika Larsson,014143154,681010-5228,SE8902VJEF22408425695352,Skolvägen 98,40809,Borlänge
Marie Lund,0887713048,711020-3960,SE8902QRLT89568280421783,Storgatan 42,91882,Landskrona
Marie Lund,0887713048,711020-3960,SE8902QLUT99208994499946,Storgatan 42,91882,Landskrona
Inger Lund,035562357,791118-2462,SE8902RCJB06422384154874,Skolvägen 6,71181,Alingsås
Zahra Svensson-Johansson,002660174,400328-6996,SE8902UYWH41914146129072,Grangränd 061,36553,Nyköping
Karin Larsson,080599939,510617-0615,SE8902EBWI20739935052200,Idrottsgränd 190,83179,Karlstad
Harriet Berg,087313688,640413-8023,SE8902UUHR56831431647978,Fabriksgränd 0,95963,Uppsala
Harriet Berg,087313688,640413-8023,SE8902EQYQ41081582080415,Fabriksgränd 0,95963,Uppsala
Ann Knutsson,073701325,710524-0449,SE8902SABF96781999798332,Idrottsvägen 2,46551,Stockholm
Gerd Lindqvist,076918717,031014-0330,SE8902MOYL96215082468431,Industristigen 50,55373,Södertälje
Gerd Lindqvist,076918717,031014-0330,SE8902KSPR66432840199154,Industristigen 50,55373,Södertälje
Sofia Vallin,010750383,480629-0807,SE8902JWGD74194436561021,Ängsgränd 82,10637,Uppsala
Madelene Lindgren-Carlberg,0423636702,530404-5650,SE8902OQZB62959452894569,Storvägen 702,43717,Mölndal
Charlotta Andersson,0836444403,880504-5534,SE8902NSZV23305609626569,Parkstigen 109,21904,Mölndal
Charlotta Andersson,0836444403,880504-5534,SE8902LDPN73303918695424,Parkstigen 109,21904,Mölndal
Cecilia Holmgren,0863706560,630813-9200,SE8902EQCK63728076800609,Backstigen 4,99766,Örnsköldsvik
Cecilia Holmgren,0863706560,630813-9200,SE8902WSOG82520529247442,Backstigen 4,99766,Örnsköldsvik
Cecilia Holmgren,0863706560,630813-9200,SE8902SRLL43477163490964,Backstigen 4,99766,Örnsköldsvik
Edith Isaksson,0646197799,770314-1197,SE8902XCHA19919213751955,Grantorget 74,25203,Örebro
Edith Isaksson,0646197799,770314-1197,SE8902KXMK45343849770312,Grantorget 74,25203,Örebro
Edith Isaksson,0646197799,770314-1197,SE8902MDRR93436036363613,Grantorget 74,25203,Örebro
Irene Hedman,083691586,570307-0606,SE8902SVNA09488395571575,Fabriksgatan 0,34491,Halmstad
Ann-Sofie Berggren,0899367674,990826-3057,SE8902SSZA54290319483676,Stationsgränd 6,29200,Linköping
Viola Thor Gustafsson,081717084,000722-4124,SE8902OEJT81666216962345,Ängstorget 480,62416,Östersund
Viola Thor Gustafsson,081717084,000722-4124,SE8902ZVTV98812993474647,Ängstorget 480,62416,Östersund
Viola Thor Gustafsson,081717084,000722-4124,SE8902NBPA53790596412090,Ängstorget 480,62416,Östersund
Alice Axelsson,0970641950,561012-3878,SE8902VROD28357188719403,Genvägen 5,63184,Eskilstuna
Britt Pettersson,0846090479,050719-3324,SE8902OARH91598307982968,Furustigen 42,85115,Karlstad
Katarina Bengtsson,083088597,460405-5261,SE8902RLHG01713064216795,Parkgatan 58,46109,Karlstad
Katarina Bengtsson,083088597,460405-5261,SE8902RMGJ56941789044857,Parkgatan 58,46109,Karlstad
Katarina Bengtsson,083088597,460405-5261,SE8902ZKUQ38316655030762,Parkgatan 58,46109,Karlstad
Erika Dahlberg-Nilsson,08560489,510326-2258,SE8902IAZC69283036911026,Skolgatan 05,70159,Örebro
Erika Dahlberg-Nilsson,08560489,510326-2258,SE8902FEOU83301563734443,Skolgatan 05,70159,Örebro
Olivia Malmström,058227195,651011-9842,SE8902YQXU56366715188424,Skoltorget 549,30393,Trelleborg
Olivia Malmström,058227195,651011-9842,SE8902EEKT76326536417923,Skoltorget 549,30393,Trelleborg
Olivia Malmström,058227195,651011-9842,SE8902KZIO19030755409685,Skoltorget 549,30393,Trelleborg
Eva Hansson,059683938,700610-4371,SE8902KLES25420753966546,Kyrkogatan 5,78023,Göteborg
Eva Hansson,059683938,700610-4371,SE8902HRWG83554443123395,Kyrkogatan 5,78023,Göteborg
Linnea Mattsson,0507150464,751014-2008,SE8902YSVI54424221824629,Furuvägen 8,29484,Lund
Barbro Granlund,08172874,980717-2268,SE8902MCFO49095808464569,Stationsgatan 24,16309,Varberg
Johanna Svensson,019858551,621205-8827,SE8902EJVD58777899114942,Bäcktorget 7,33841,Piteå
Johanna Svensson,019858551,621205-8827,SE8902CODF26383416794081,Bäcktorget 7,33841,Piteå
Johanna Svensson,019858551,621205-8827,SE8902VRCK66669606024532,Bäcktorget 7,33841,Piteå
Sigrid Holmgren,0912982601,991126-8184,SE8902MCEV93618355713025,Skolgränd 20,46476,Ängelholm
Sigrid Holmgren,0912982601,991126-8184,SE8902BTSC01483794930785,Skolgränd 20,46476,Ängelholm
Astrid Eriksson-Svensson,071373095,500128-9916,SE8902VXXB63484309612552,Backgatan 7,83837,Falun
Astrid Eriksson-Svensson,071373095,500128-9916,SE8902UFZY41218181108055,Backgatan 7,83837,Falun
Astrid Eriksson-Svensson,071373095,500128-9916,SE8902IDIO78110702344946,Backgatan 7,83837,Falun
Astrid Eriksson-Svensson,071373095,500128-9916,SE8902WMGQ92121042977797,Backgatan 7,83837,Falun
Malin Gustafsson,08204428,501213-8391,SE8902FVFT61557043346714,Villavägen 242,18096,Lidingö
Malin Gustafsson,08204428,501213-8391,SE8902RNLY55461931214075,Villavägen 242,18096,Lidingö
Elna Engberg,0153087892,420602-4558,SE8902CFVM08634732646774,Granstigen 1,57983,Karlskoga
Elna Engberg,0153087892,420602-4558,SE8902EJYN15169896233918,Granstigen 1,57983,Karlskoga
Elna Engberg,0153087892,420602-4558,SE8902SICI51731283266081,Granstigen 1,57983,Karlskoga
Irene Palm,0867222675,950329-4267,SE8902PUFG51102457949170,Järnvägsvägen 0,82652,Södertälje
Anita Andersson,086323610,701113-4041,SE8902REPT13055923984909,Nyvägen 46,92586,Landskrona
Anita Andersson,086323610,701113-4041,SE8902CFEY43701881421531,Nyvägen 46,92586,Landskrona
Ann-Charlotte Johnsson,080122420,020907-9359,SE8902KLRO16474013075873,Nyvägen 51,36077,Halmstad
Ingrid Widén-Eriksson,0785765465,930801-0736,SE8902AZOB63571733972059,Furugränd 194,39438,Luleå
Lisbeth Holmberg,066023503,891116-5697,SE8902YWYE88254254671994,Åkervägen 571,42440,Gävle
Lisbeth Holmberg,066023503,891116-5697,SE8902ZGKY70073543360198,Åkervägen 571,42440,Gävle
Lisbeth Holmberg,066023503,891116-5697,SE8902MQMR87651444736111,Åkervägen 571,42440,Gävle
Jeanette Andersson,049954999,680818-7006,SE8902REOE84824920257605,Kvarnvägen 39,21984,Varberg
Jeanette Andersson,049954999,680818-7006,SE8902GUBN02340962282734,Kvarnvägen 39,21984,Varberg
Moa Berglund,050784653,731219-6335,SE8902IGPY15346785802644,Skogsgatan 25,77323,Alingsås
Therese Carlsson,017420610,410517-2805,SE8902TDHG03930597785173,Skolgatan 312,39137,Luleå
Vilma Hedström,070337978,870926-1112,SE8902ZVUC22763571961124,Trädgårdsgatan 224,74343,Skövde
Vilma Hedström,070337978,870926-1112,SE8902IOJE14304978072957,Trädgårdsgatan 224,74343,Skövde
Åse Berg,091552714,361113-4648,SE8902BFKJ67373461094245,Kvarnvägen 59,47476,Skellefteå
Åse Berg,091552714,361113-4648,SE8902ZJJI38537368499499,Kvarnvägen 59,47476,Skellefteå
Sonja Sandberg,0877074563,840407-4828,SE8902UZPG07009538779616,Järnvägsvägen 33,96497,Piteå
Sonja Sandberg,0877074563,840407-4828,SE8902GWBV65006975861231,Järnvägsvägen 33,96497,Piteå
Angelica Jensen,0838575977,590323-8250,SE8902RFKG13034824351836,Storgränd 8,23240,Borås
Moa Karlsson Berglund,0854456173,390508-4368,SE8902XNTB41827621868449,Backgatan 483,15924,Stockholm
Moa Karlsson Berglund,0854456173,390508-4368,SE8902HHSO58247661775142,Backgatan 483,15924,Stockholm
Marie Pettersson-Pettersson,0917395293,590618-9138,SE8902JYDD80497877012989,Villastigen 5,82510,Trelleborg
Lina Fredriksson,0837973139,490730-0612,SE8902EBQG46394645816502,Villagatan 74,84144,Jönköping
Viola Gren,0834002865,920221-3337,SE8902NPSO51568640255218,Skolvägen 166,48930,Borås
Inga Jönsson,0883811497,961003-4705,SE8902FEUM16554377486070,Björkstigen 8,68132,Piteå
Ahmed Gustafsson,0224377207,990316-2809,SE8902VBBU70773188294633,Stationsgatan 18,33938,Skellefteå
Maria Jakobsson,069558281,511209-5483,SE8902VZIJ18435178550619,Skolvägen 339,40330,Gävle
Kajsa Olsson,082999624,040530-8834,SE8902RCMN64982980569854,Ängsgränd 9,83593,Piteå
Inger Ahlgren,040827227,070302-0982,SE8902RWQU01903466709841,Furuvägen 08,33799,Skövde
Katarina Ali,026766402,521030-3250,SE8902EJAI99151957237924,Trädgårdsstigen 8,75689,Borås
Lovisa Eriksson-Lindfors,0868957769,030803-2572,SE8902XYRM52103884724966,Skogsvägen 054,62496,Skellefteå
Sara Lindström-Jakobsson,0801988468,850331-3853,SE8902FUMK63947148705760,Skoltorget 998,78219,Lund
Sara Lindström-Jakobsson,0801988468,850331-3853,SE8902FGVS05404234689422,Skoltorget 998,78219,Lund
Leia Pettersson,060973711,740122-1705,SE8902OUYV90192199566077,Stationsgatan 79,61611,Borlänge
Leia Pettersson,060973711,740122-1705,SE8902SPLV55493875690484,Stationsgatan 79,61611,Borlänge
Leia Pettersson,060973711,740122-1705,SE8902LOKN91099936771965,Stationsgatan 79,61611,Borlänge
Christina Nyström,0822685738,850818-8110,SE8902EGUE04752445182497,Storvägen 127,38757,Karlskrona
Caroline Sjölander,008090434,941120-4879,SE8902QIDW01871973556269,Industritorget 68,59779,Skellefteå
Irma Johansson,0807611704,011120-7973,SE8902WDJE85359881297343,Villagatan 15,74856,Östersund
Inger Malmqvist,08553139,621117-4120,SE8902JLFC48207582147190,Åkervägen 70,22349,Malmö
Inger Malmqvist,08553139,621117-4120,SE8902DGOU52251724210139,Åkervägen 70,22349,Malmö
Ellinor Ahmad,043881254,600828-3746,SE8902KCJU30225323097413,Villavägen 0,30444,Linköping
Linn Hansson,066469556,570120-3019,SE8902UDAI89693707440786,Skolvägen 19,96151,Uddevalla
Linn Hansson,066469556,570120-3019,SE8902LXEY88372509516456,Skolvägen 19,96151,Uddevalla
Linn Hansson,066469556,570120-3019,SE8902XVJQ62588665096343,Skolvägen 19,96151,Uddevalla
Linn Hansson,066469556,570120-3019,SE8902PEJL40222448009128,Skolvägen 19,96151,Uddevalla
Hannah Gustafsson Jakobsson,032738927,590912-5550,SE8902CWGG49250440286257,Ängstorget 366,17798,Göteborg
Hannah Gustafsson Jakobsson,032738927,590912-5550,SE8902WZTY78877140572268,Ängstorget 366,17798,Göteborg
Doris Carlsson,08874898,451223-3471,SE8902LACW59549122762926,Genvägen 3,64307,Lidköping
Doris Carlsson,08874898,451223-3471,SE8902OGIR23428207822800,Genvägen 3,64307,Lidköping
Nova Kjellberg,0801790008,671225-1187,SE8902FFCY95333401231837,Stationsvägen 35,75446,Linköping
Nova Kjellberg,0801790008,671225-1187,SE8902BUUB70684057188314,Stationsvägen 35,75446,Linköping
Nova Kjellberg,0801790008,671225-1187,SE8902TEZZ10595111121627,Stationsvägen 35,75446,Linköping
Jennie Arvidsson,0851299446,631111-4174,SE8902QXXL08650991961519,Industrigatan 0,94230,Uppsala
Jennie Arvidsson,0851299446,631111-4174,SE8902GQAD77323256759071,Industrigatan 0,94230,Uppsala
Lina Blomkvist Helgesson,0865565947,741011-0774,SE8902KMRD06713970744337,Gengatan 77,33143,Karlstad
Maria Nordin,0885284065,390309-7446,SE8902GGVM41036620748091,Stationsvägen 0,29438,Alingsås
Maria Nordin,0885284065,390309-7446,SE8902FOBI10005828618756,Stationsvägen 0,29438,Alingsås
Susanne Sjögren,067739168,631020-2814,SE8902APMC92937900903172,Kyrkstigen 110,45010,Uppsala
Jonna Wiklund,080960132,850721-4495,SE8902HNSY33169866302829,Genvägen 13,46073,Karlskrona
Jonna Wiklund,080960132,850721-4495,SE8902RQNM94686024135916,Genvägen 13,46073,Karlskrona
Alma Svensson,0866250763,990402-8397,SE8902TXSH82999507978837,Kyrktorget 948,45932,Södertälje
Alma Svensson,0866250763,990402-8397,SE8902RATJ14504736298199,Kyrktorget 948,45932,Södertälje
Alma Svensson,0866250763,990402-8397,SE8902WQDQ90710651633977,Kyrktorget 948,45932,Södertälje
Alma Svensson,0866250763,990402-8397,SE8902XNVC89027044051893,Kyrktorget 948,45932,Södertälje
Therese Johansson,068243244,821220-2496,SE8902LNZG09887297010450,Granstigen 7,60793,Malmö
Sigrid Samuelsson,080593492,390220-2948,SE8902MJJU05220306140238,Villavägen 91,64912,Skellefteå
Alice Johansson,044609651,050329-2591,SE8902VPUM81969837191902,Skolgränd 86,30423,Trelleborg
Alice Johansson,044609651,050329-2591,SE8902QBZS75980360092144,Skolgränd 86,30423,Trelleborg
Betty Persson,059395796,021116-3951,SE8902IRET80983872349375,Industrigatan 5,20812,Halmstad
Joanna Andersson Johnson,0667124939,510203-9111,SE8902RFND18240718616184,Granvägen 607,49675,Lidingö
Gertrud Wahlberg,08240283,931224-0071,SE8902XNSP62301861969649,Furugatan 90,67459,Helsingborg
Gertrud Wahlberg,08240283,931224-0071,SE8902NOMU53996442028881,Furugatan 90,67459,Helsingborg
Gerd Holst,059031256,630615-2213,SE8902SNGW19711846882889,Kyrktorget 4,27871,Stockholm
Ulrika Blixt,022901616,750512-8194,SE8902BLNY30650799297988,Ekgatan 32,29235,Lidköping
Ulrika Blixt,022901616,750512-8194,SE8902RCMP67198715313709,Ekgatan 32,29235,Lidköping
Sonia Jakobsson,0467329296,351214-1205,SE8902BCJH45677202414984,Industritorget 02,18923,Luleå
Sonia Jakobsson,0467329296,351214-1205,SE8902JOAA73203338391811,Industritorget 02,18923,Luleå
Ingegerd Ottosson,030834495,531114-5873,SE8902PTQI05277402468840,Kvarnstigen 03,21996,Falun
Christina Jansson Boman,0852527040,760604-4704,SE8902VCGO21843909614852,Nytorget 92,27093,Eskilstuna
Angelina Eriksson Larsson,0658834236,650728-3643,SE8902DDDT67161166312580,Kyrkvägen 966,81708,Trollhättan
Angelina Eriksson Larsson,0658834236,650728-3643,SE8902ASEU46374988626527,Kyrkvägen 966,81708,Trollhättan
Olivia Persson,018122153,791120-5644,SE8902OUGZ49389646387563,Storstigen 58,40650,Borås
Nathalie Andersson,0844447489,670901-4283,SE8902XMSF03346539893576,Bäckgränd 45,81928,Gävle
Maria Nyman,036243264,780805-2190,SE8902GORN68994003453353,Idrottsvägen 960,81864,Landskrona
Maria Nyman,036243264,780805-2190,SE8902FCSV26977507325534,Idrottsvägen 960,81864,Landskrona
Maria Nyman,036243264,780805-2190,SE8902RXQC04091454093931,Idrottsvägen 960,81864,Landskrona
Elisabeth Larsson,073861210,041209-4120,SE8902KWBD56921885506215,Industritorget 3,37611,Trollhättan
Maria Nilsson,035135770,460704-8594,SE8902AUQD67157033620100,Skolstigen 4,47196,Umeå
Klara Nylander Ahmadi,0849075370,730624-4521,SE8902YPLL97549313922893,Grangatan 1,23465,Falun
Katarina Andersson,0894574189,970816-9066,SE8902ATDH36917846037146,Skolgränd 0,64691,Södertälje
Katarina Andersson,0894574189,970816-9066,SE8902ECCJ86383227351359,Skolgränd 0,64691,Södertälje
Katarina Andersson,0894574189,970816-9066,SE8902GVHN92964423897611,Skolgränd 0,64691,Södertälje
Inger Malmgren Ali,0237248620,530822-3378,SE8902PBJH90393502972632,Backvägen 08,14858,Västerås
Lillemor Lindfors Nyman,044105261,940413-2103,SE8902TURO07496760761316,Björkvägen 1,19711,Varberg
Liselott Eriksson,0883368388,570719-8890,SE8902PYVE63223607468293,Ringgatan 74,75485,Stockholm
Liselott Eriksson,0883368388,570719-8890,SE8902XXAF74151570423565,Ringgatan 74,75485,Stockholm
Kristin Nilsson,079434079,490116-1465,SE8902FQVQ38132937638029,Järnvägstorget 8,75638,Karlstad
Anette Eriksson,0319163286,421117-8456,SE8902HAYZ30931717835549,Furuvägen 58,40118,Malmö
Katarina Pedersen,0934774308,050405-2614,SE8902TCZM12187781824588,Industristigen 524,87918,Alingsås
Katarina Pedersen,0934774308,050405-2614,SE8902JUBX10521679094085,Industristigen 524,87918,Alingsås
Selma Lilja,085698429,390526-2642,SE8902IASU37111569398010,Ekgatan 8,48275,Falun
Selma Lilja,085698429,390526-2642,SE8902FGIY23117081354016,Ekgatan 8,48275,Falun
Selma Lilja,085698429,390526-2642,SE8902KLNQ25617997709976,Ekgatan 8,48275,Falun
Agneta Ahmed,0995704198,671006-6009,SE8902GYOU97729788286246,Skoltorget 540,31601,Alingsås
Gudrun Stenberg,081638393,841214-1296,SE8902LGDS93932200371895,Nygatan 0,54638,Örnsköldsvik
Katarina Nilsson,0467878041,060925-9098,SE8902IXLN09147641003463,Nyvägen 07,78590,Norrköping
Katarina Nilsson,0467878041,060925-9098,SE8902WQME16820619653293,Nyvägen 07,78590,Norrköping
Katarina Nilsson,0467878041,060925-9098,SE8902KSGB25510595835295,Nyvägen 07,78590,Norrköping
Marie Lundström,025441142,880817-1568,SE8902NRAS31362495279847,Parkstigen 4,79217,Växjö
Angelina Lindholm,0625872692,860106-4812,SE8902ZKCR38556369708361,Ängsstigen 21,35411,Västerås
Kerstin Lundqvist,073314700,980111-2799,SE8902RBSV68895772780848,Åkergatan 0,47104,Halmstad
Evelina Ibrahim,054319120,670116-8301,SE8902IKZC79179007095909,Järnvägsgränd 479,59107,Örnsköldsvik
Evelina Ibrahim,054319120,670116-8301,SE8902BNCT48612177889839,Järnvägsgränd 479,59107,Örnsköldsvik
Lilly Dahl,088381167,890624-2840,SE8902TDWF15245617438533,Gentorget 72,53184,Göteborg
Lilly Dahl,088381167,890624-2840,SE8902OSPT65036097285857,Gentorget 72,53184,Göteborg
Lilly Dahl,088381167,890624-2840,SE8902ANWR22887008474492,Gentorget 72,53184,Göteborg
Maryam Karlsson,037118003,380917-9272,SE8902XJAN35723200835220,Industrigränd 09,76811,Jönköping
Maryam Karlsson,037118003,380917-9272,SE8902FCJT75375914520219,Industrigränd 09,76811,Jönköping
Marie Lundell Olsson,004150072,490510-1459,SE8902OZBM53448690509013,Granvägen 1,33579,Norrköping
Anna Jonasson,08103017,710111-6791,SE8902EUHG64782205847802,Nytorget 1,48773,Piteå
Anna Jonasson,08103017,710111-6791,SE8902VPUI15502095985231,Nytorget 1,48773,Piteå
Anna Jonasson,08103017,710111-6791,SE8902JFLG01724285840236,Nytorget 1,48773,Piteå
Anna Jonasson,08103017,710111-6791,SE8902IDDI95912852862700,Nytorget 1,48773,Piteå
Anna Jonasson,08103017,710111-6791,SE8902YCCU23582343543594,Nytorget 1,48773,Piteå
Anna Jonasson,08103017,710111-6791,SE8902HADZ94831371615319,Nytorget 1,48773,Piteå
Ebba Åkesson,083001412,630729-3644,SE8902JVFU12272732120946,Kvarntorget 48,37424,Ängelholm
Kristina Olsson,0989276673,760406-5404,SE8902LYRU49405628277247,Parkgatan 1,28574,Sundsvall
Sarah Andersson,0813072978,420430-8151,SE8902TTXT03943566438167,Nystigen 0,12397,Östersund
Sarah Andersson,0813072978,420430-8151,SE8902BTKI53390685216432,Nystigen 0,12397,Östersund
Julia Jonasson,08409307,530921-2867,SE8902XBIN60287954526260,Trädgårdsvägen 277,45472,Linköping
Gertrud Mohammadi-Hosseini,077138068,900621-8300,SE8902OGIL87909531470185,Aspvägen 5,69037,Karlskoga
Gertrud Mohammadi-Hosseini,077138068,900621-8300,SE8902RWKL37240797745939,Aspvägen 5,69037,Karlskoga
Gertrud Mohammadi-Hosseini,077138068,900621-8300,SE8902ZQQX91042131747326,Aspvägen 5,69037,Karlskoga
Åsa Källström-Edström,08220688,670219-4314,SE8902XYVB77684435420465,Ringvägen 474,22370,Malmö
Iris Bäck,004911410,470722-7825,SE8902WOTL92806947118912,Parkstigen 37,51276,Trollhättan
Linnea Gustavsson,087108220,480729-3370,SE8902KMMG56349206484127,Grangränd 7,41214,Lidköping
Charlotte Werner-Olsson,019197400,400315-1315,SE8902DPEV86073624782716,Kyrkotorget 918,39385,Örebro
Nelly Andersson,089170995,651210-6565,SE8902WCUC03726382390092,Industrigatan 73,60267,Kalmar
Ella Wallin,096906218,891027-0126,SE8902FUAR93924916890637,Stationsvägen 7,28775,Uddevalla
Berit Lund,0212885894,360719-1347,SE8902XPHP30865499209335,Kyrkotorget 63,82634,Stockholm
Berit Lund,0212885894,360719-1347,SE8902XTMW65537920620819,Kyrkotorget 63,82634,Stockholm
Ann-Charlott Jeppsson-Danielsson,083091911,390528-0370,SE8902QASC32307460643773,Industrivägen 20,28536,Varberg
Lisbeth Jonsson-Österberg,0735811967,580424-2880,SE8902MEPG75869905095161,Storvägen 0,55698,Östersund
Lisbeth Jonsson-Österberg,0735811967,580424-2880,SE8902VWKO20169767635100,Storvägen 0,55698,Östersund
Elisabeth Vesterlund,010271660,840419-0962,SE8902SVEX40095531093926,Storvägen 2,84458,Lund
Ester Karlsson,0824141477,550907-9165,SE8902EKEC92166161424949,Björkvägen 30,91899,Västerås
Ester Karlsson,0824141477,550907-9165,SE8902KMID87590796935719,Björkvägen 30,91899,Västerås
Karin Dahl,0380297020,530830-8732,SE8902LSEC82086405777991,Industrivägen 3,30549,Skellefteå
Elisabet Berg,08363916,560806-9745,SE8902ALFN61867186946491,Furuvägen 380,83778,Linköping
Elisabet Berg,08363916,560806-9745,SE8902AAEJ67825986403885,Furuvägen 380,83778,Linköping
Elisabet Berg,08363916,560806-9745,SE8902AZXE66883467511248,Furuvägen 380,83778,Linköping
Britta Hermansson,0815511970,761217-5484,SE8902XARR24637715791113,Industrigatan 75,64479,Uddevalla
Kristina Bengtsson,094562234,801016-4898,SE8902AXSS75904959058026,Skogsvägen 49,37828,Landskrona
Kristina Bengtsson,094562234,801016-4898,SE8902NFJG83208273691327,Skogsvägen 49,37828,Landskrona
Therese Lindahl-Martinsson,0801366429,751230-8458,SE8902PQTC99238321979954,Parktorget 37,50950,Sundsvall
Therese Lindahl-Martinsson,0801366429,751230-8458,SE8902LEVI44801863486814,Parktorget 37,50950,Sundsvall
Emma Gustafsson,0283952509,010215-5330,SE8902YKLA01358484410445,Fabriksgränd 32,58024,Uddevalla
Emma Gustafsson,0283952509,010215-5330,SE8902EMIT82352727650511,Fabriksgränd 32,58024,Uddevalla
Emma Gustafsson,0283952509,010215-5330,SE8902OBNT50973876422839,Fabriksgränd 32,58024,Uddevalla
Jenny Karlsson Borg,027014299,360222-0778,SE8902SEYF48760878274175,Skogsgränd 17,74456,Stockholm
Marie Kvist Stark,0334047369,410919-5562,SE8902OVTP75889092553957,Villavägen 972,20515,Uppsala
Marie Kvist Stark,0334047369,410919-5562,SE8902FKHJ95461624405436,Villavägen 972,20515,Uppsala
Valborg Sundin,0740349670,930823-9459,SE8902KCYM07724798345050,Skolgränd 20,33385,Växjö
Valborg Sundin,0740349670,930823-9459,SE8902URSV28669190464010,Skolgränd 20,33385,Växjö
Valborg Sundin,0740349670,930823-9459,SE8902AJRJ35802643947946,Skolgränd 20,33385,Växjö
Sandra Sjöström,057758116,020829-7697,SE8902KJYB05100798381483,Nyvägen 77,14918,Lidingö
Sandra Sjöström,057758116,020829-7697,SE8902WYLP16417283310059,Nyvägen 77,14918,Lidingö
Sandra Sjöström,057758116,020829-7697,SE8902STXO91790409285299,Nyvägen 77,14918,Lidingö
Ann-Charlott Andersson Olofsson,0866505940,940521-7903,SE8902ZKJC38755928645078,Fabriksgränd 858,53153,Landskrona
Ann-Charlott Andersson Olofsson,0866505940,940521-7903,SE8902WOXH43586674611980,Fabriksgränd 858,53153,Landskrona
Ann-Charlott Andersson Olofsson,0866505940,940521-7903,SE8902BWKM27720380863718,Fabriksgränd 858,53153,Landskrona
Margareta Björk,054212809,390106-8696,SE8902CNUK05592418774943,Parktorget 227,22450,Lidingö
Margareta Björk,054212809,390106-8696,SE8902ZRRV53604198996393,Parktorget 227,22450,Lidingö
Margareta Björk,054212809,390106-8696,SE8902SIKL89762687070372,Parktorget 227,22450,Lidingö
Ingela Moberg,084638296,661229-4360,SE8902IQDI59898249098467,Industritorget 96,24007,Eskilstuna
Ingela Moberg,084638296,661229-4360,SE8902HNLH30212836252481,Industritorget 96,24007,Eskilstuna
Lovisa Lundin,025073892,481025-6307,SE8902MCRF20072685039505,Grantorget 0,52726,Nyköping
Lovisa Lundin,025073892,481025-6307,SE8902FQLC01698765585803,Grantorget 0,52726,Nyköping
Karin Blomqvist,0896263867,450426-9301,SE8902RIDV47368265699473,Björktorget 4,48236,Örebro
Inez Andersson Henriksson,08168250,881125-6802,SE8902LARY75915594710859,Skolgatan 5,66406,Västerås
Inez Andersson Henriksson,08168250,881125-6802,SE8902RYFQ25380828380867,Skolgatan 5,66406,Västerås
Freja Håkansson-Björkman,044416446,620721-3304,SE8902YFVN11147137534118,Trädgårdsstigen 408,13451,Uddevalla
Freja Håkansson-Björkman,044416446,620721-3304,SE8902VBSX39074781358158,Trädgårdsstigen 408,13451,Uddevalla
Freja Håkansson-Björkman,044416446,620721-3304,SE8902YCMC97452355623638,Trädgårdsstigen 408,13451,Uddevalla
Elisabeth Karlsson,0874623307,500730-9544,SE8902WOBG56284432759181,Trädgårdsstigen 97,73873,Skellefteå
Wilma Krantz,083304208,410213-4998,SE8902GZKC59110904284187,Storvägen 96,10979,Kalmar
Elisabet Karlsson,0260171749,460604-4008,SE8902HCFQ50732586147290,Strandvägen 72,73878,Växjö
Yvonne Ferm,08528194,921225-3513,SE8902IWUZ21139031383602,Björkstigen 191,89515,Karlskrona
Yvonne Ferm,08528194,921225-3513,SE8902DBZP90399205881070,Björkstigen 191,89515,Karlskrona
Ingegerd Hermansson,0812895744,810921-9520,SE8902BBDN08764843226603,Järnvägsgränd 3,77838,Skellefteå
Ingegerd Hermansson,0812895744,810921-9520,SE8902TDNJ81183782154357,Järnvägsgränd 3,77838,Skellefteå
Ingegerd Hermansson,0812895744,810921-9520,SE8902BPXN71817611233256,Järnvägsgränd 3,77838,Skellefteå
Wilma Andersson,0741447571,690715-3776,SE8902TKZA24932488770695,Aspstigen 08,16072,Karlskoga
Wilma Andersson,0741447571,690715-3776,SE8902IGWD35040860470840,Aspstigen 08,16072,Karlskoga
Viktoria Lindblom,045427593,980723-0439,SE8902UNRA52610184151556,Idrottsgatan 535,36903,Umeå
Sonja Törnqvist,0211996022,700316-2802,SE8902OEUK98732816702347,Storstigen 43,78682,Luleå
Malin Emanuelsson,069470054,540618-7228,SE8902MPBO87772633723937,Strandgatan 70,22530,Borås
Malin Emanuelsson,069470054,540618-7228,SE8902SVVA72606563438599,Strandgatan 70,22530,Borås
Malin Emanuelsson,069470054,540618-7228,SE8902CTOV92367944039255,Strandgatan 70,22530,Borås
Malin Emanuelsson,069470054,540618-7228,SE8902SCUS02208585217420,Strandgatan 70,22530,Borås
Alice Carlsson,0051247823,741111-0344,SE8902ONYK29813236113604,Ringgatan 502,91970,Trelleborg
Diana Bohlin,026000284,880919-9121,SE8902RNTE90201112878494,Storvägen 39,12909,Norrköping
Diana Bohlin,026000284,880919-9121,SE8902GSWE68166162519198,Storvägen 39,12909,Norrköping
Lilly Martinsson Andersson,0871902293,720527-0692,SE8902GYZA91851265600454,Parktorget 11,64739,Alingsås
Ann-Christin Johansson,092498260,710304-5667,SE8902SJTM65462604716724,Bäckvägen 121,30949,Trollhättan
Ann-Christin Johansson,092498260,710304-5667,SE8902RPNT79114466986103,Bäckvägen 121,30949,Trollhättan
My Ahmed,099426872,861208-3793,SE8902FPRI18674591891178,Skolgatan 104,29742,Örebro
My Ahmed,099426872,861208-3793,SE8902UXKG57479907330381,Skolgatan 104,29742,Örebro
Mona Ek,057253651,821203-1432,SE8902FWHV93976568931219,Åkervägen 861,22665,Västerås
Caroline Jonsson,061871569,420716-3587,SE8902RMLX84077931088026,Kyrktorget 2,24326,Ängelholm
Ulrika Holmström,096987930,651218-8118,SE8902EDDF98370611345966,Gengatan 7,85775,Södertälje
Ulrika Holmström,096987930,651218-8118,SE8902XMAM56827677889061,Gengatan 7,85775,Södertälje
Michelle Andersson,0865966215,960712-5987,SE8902TMKE53720750940968,Kyrkgatan 5,36815,Borlänge
Nina Holm,0818111760,361103-9037,SE8902JHMA69643058655073,Kyrktorget 1,18163,Lund
Malin Nyman,016867852,660909-1084,SE8902ZTNG40351896769345,Strandgatan 4,60172,Norrköping
Ebba Malmberg-Pettersson,0838760230,670319-8652,SE8902ZJJF79585810673366,Trädgårdstorget 4,61895,Växjö
Maya Johansson,016850038,821214-2049,SE8902IWYC64669423845053,Ringtorget 0,80200,Norrköping
Maya Johansson,016850038,821214-2049,SE8902WNIP57815146708414,Ringtorget 0,80200,Norrköping
Maya Johansson,016850038,821214-2049,SE8902EZER13441070597944,Ringtorget 0,80200,Norrköping
Evy Lövgren,0867507028,611015-7465,SE8902PXCX96170096954134,Ringvägen 1,15172,Trelleborg
Evy Lövgren,0867507028,611015-7465,SE8902LIKB41550652178852,Ringvägen 1,15172,Trelleborg
Freja Hellström,0816414970,570924-4312,SE8902GDTV65148682209789,Ringvägen 521,84969,Helsingborg
Lilian Larsson,085140338,060130-5568,SE8902SRDG63581614639448,Parkstigen 63,63164,Örebro
Alva Larsson,0887762807,051024-2373,SE8902XWOG93876385265449,Storgatan 84,63907,Nyköping
Alva Larsson,0887762807,051024-2373,SE8902SVTA51705365680131,Storgatan 84,63907,Nyköping
Mona Åkesson,08998167,030411-1388,SE8902JFUD24261264737631,Skogsvägen 34,51889,Östersund
Mona Åkesson,08998167,030411-1388,SE8902TRFM79815586179217,Skogsvägen 34,51889,Östersund
Mona Åkesson,08998167,030411-1388,SE8902EFNV74784664776562,Skogsvägen 34,51889,Östersund
Astrid Andersson Westberg,0340715274,920529-8475,SE8902RCRK00671714230376,Trädgårdsgatan 86,80229,Trollhättan
Astrid Andersson Westberg,0340715274,920529-8475,SE8902LQPT91446488103734,Trädgårdsgatan 86,80229,Trollhättan
Marie Olsen,0820726714,451129-2460,SE8902ZMIE92280783818806,Kyrkgatan 1,83212,Kristianstad
Christina Dahl,083852429,731115-2727,SE8902PJBO20718804604298,Parkstigen 00,80634,Alingsås
Rut Flink,0238954493,900710-1026,SE8902RUFS60316465651336,Skolgränd 207,64108,Uppsala
Rut Flink,0238954493,900710-1026,SE8902BXQI23685027971551,Skolgränd 207,64108,Uppsala
Emilia Eriksson-Hedlund,066523246,780330-8308,SE8902JXEZ02627245746002,Skolgatan 191,33671,Lund
Emilia Eriksson-Hedlund,066523246,780330-8308,SE8902NMLM36956633220058,Skolgatan 191,33671,Lund
Emilia Eriksson-Hedlund,066523246,780330-8308,SE8902WABA80671991745830,Skolgatan 191,33671,Lund
Anna Larsson,0546126467,500117-5636,SE8902GSZH91391621188990,Ekgatan 543,93609,Södertälje
Helen Arvidsson,025826217,740616-6020,SE8902XEKA11659742485329,Ekvägen 761,82913,Ängelholm
Alicia Persson,028314501,350706-8579,SE8902QJYU26909657286044,Villagränd 7,49881,Kristianstad
Beata Backlund,054734768,931004-0325,SE8902MQJP11380705638246,Idrottsvägen 7,36212,Skövde
Thea Lindquist,086923566,940210-9509,SE8902KFFK50136015318581,Industrivägen 93,64836,Kalmar
Thea Lindquist,086923566,940210-9509,SE8902NWBH42139231276122,Industrivägen 93,64836,Kalmar
Thea Lindquist,086923566,940210-9509,SE8902HHVE14882891293350,Industrivägen 93,64836,Kalmar
Katarina Hermansson,0931058491,010207-2535,SE8902RLTH03632662634887,Villavägen 04,93131,Umeå
Katarina Hermansson,0931058491,010207-2535,SE8902MYOF67830605702784,Villavägen 04,93131,Umeå
Jenny Hagström,016397914,001003-9907,SE8902PSFY01211467765419,Skolstigen 479,84620,Norrköping
Gunilla Danielsson,004834481,620521-9089,SE8902NCHQ05383241398951,Villavägen 538,99769,Skellefteå
Rosa Rosengren Vikström,020135283,671206-3400,SE8902BADO65968898453667,Nytorget 9,10127,Karlskrona
Marie Hosseini,08100408,040413-9156,SE8902BIRC46206283725522,Stortorget 060,79596,Jönköping
Alva Blixt,006274169,560130-1566,SE8902QVRD43136737091818,Björkvägen 0,63134,Borlänge
Mona Nordqvist-Jonsson,0837538743,730524-7251,SE8902YBUM91649266178467,Skogsvägen 0,11888,Nyköping
Mona Nordqvist-Jonsson,0837538743,730524-7251,SE8902XPKO29440306068239,Skogsvägen 0,11888,Nyköping
Mona Nordqvist-Jonsson,0837538743,730524-7251,SE8902SAUK38756106548184,Skogsvägen 0,11888,Nyköping
Greta Arvidsson,088536623,530610-3549,SE8902PRHA61506657906077,Kvarngatan 8,45171,Trelleborg
Maria Nyström,0028643455,940612-8737,SE8902FWBT85916441228504,Skolgatan 6,30071,Borås
Maria Nyström,0028643455,940612-8737,SE8902LUYC21483942556730,Skolgatan 6,30071,Borås
Margareta Johansson,0334313284,950709-3822,SE8902CKQN72795971469366,Skolgatan 047,97104,Östersund
Margareta Johansson,0334313284,950709-3822,SE8902TVFH53282057943154,Skolgatan 047,97104,Östersund
Margareta Johansson,0334313284,950709-3822,SE8902UTXQ46186994218835,Skolgatan 047,97104,Östersund
Margareta Johansson,0334313284,950709-3822,SE8902BCGB09402639721004,Skolgatan 047,97104,Östersund
Greta Persson-Jönsson,022738010,820604-3583,SE8902QCUD22504040792723,Åkergatan 7,96228,Kristianstad
Erika Oskarsson,0221840171,370902-0154,SE8902XFEK65570601507823,Skolvägen 01,56393,Västerås
Kristina Hägglund,0899184915,441022-8888,SE8902CHPG90425118808478,Strandgatan 02,52242,Lidköping
Kristina Hägglund,0899184915,441022-8888,SE8902HXLB10149156679316,Strandgatan 02,52242,Lidköping
Kristina Hägglund,0899184915,441022-8888,SE8902PCFY59781759139715,Strandgatan 02,52242,Lidköping
Margareta Schmidt,0810449856,730310-5568,SE8902NIFB25528008124700,Granvägen 15,85311,Sandviken
Margareta Schmidt,0810449856,730310-5568,SE8902TMSX38474464548691,Granvägen 15,85311,Sandviken
Eva Karlsson Håkansson,004292380,390202-9028,SE8902RYXO33562941610360,Industrigatan 9,91127,Halmstad
Eva Karlsson Håkansson,004292380,390202-9028,SE8902YWQH50779746486712,Industrigatan 9,91127,Halmstad
Eva Karlsson Håkansson,004292380,390202-9028,SE8902TOSX14314674232363,Industrigatan 9,91127,Halmstad
Anna Ström,039431708,541030-7333,SE8902DJPX89629848207656,Storvägen 477,27289,Luleå
Maryam Forsberg,08967613,841210-2538,SE8902QYUK75923058440099,Bäckgatan 8,56136,Halmstad
Maryam Forsberg,08967613,841210-2538,SE8902GXKS66714923613080,Bäckgatan 8,56136,Halmstad
Matilda Thorén,024247050,610817-9885,SE8902TBKW34062991571482,Ängsvägen 72,29962,Ängelholm
Agneta Lundin,085181951,410404-6919,SE8902KASG36290465086408,Järnvägsgatan 043,31561,Stockholm
Agneta Lundin,085181951,410404-6919,SE8902FMGF16921362391617,Järnvägsgatan 043,31561,Stockholm
Agneta Lundin,085181951,410404-6919,SE8902SUPU22107368286746,Järnvägsgatan 043,31561,Stockholm
Agneta Lundin,085181951,410404-6919,SE8902CUMA73016131740531,Järnvägsgatan 043,31561,Stockholm
Beatrice Wall Sjöberg,073938338,480221-2193,SE8902YULJ56180665771621,Järnvägstorget 3,60378,Falun
Beatrice Wall Sjöberg,073938338,480221-2193,SE8902YIXR29588609244770,Järnvägstorget 3,60378,Falun
Nicole Berggren,0923587772,500226-1625,SE8902SBKV17928186427622,Ängsgatan 9,93491,Lidköping
Nicole Berggren,0923587772,500226-1625,SE8902YREH60256445948405,Ängsgatan 9,93491,Lidköping
Nicole Berggren,0923587772,500226-1625,SE8902GZAO49226888899471,Ängsgatan 9,93491,Lidköping
Nicole Berggren,0923587772,500226-1625,SE8902CDUU61660929189479,Ängsgatan 9,93491,Lidköping
Marit Frisk,0883471556,800402-6905,SE8902QDDZ01493266009705,Villavägen 035,26090,Motala
Maria Pettersson,08730822,770715-4147,SE8902MSKS70942503348697,Villavägen 27,57891,Örebro
Maria Pettersson,08730822,770715-4147,SE8902KOWL19108099243979,Villavägen 27,57891,Örebro
Inger Söderlund,085775856,440603-3151,SE8902UHPN71937885399066,Trädgårdsvägen 8,55663,Lund
Barbro Svensson-Hosseini,0809243308,831029-2936,SE8902KIPZ83378012088513,Fabriksstigen 73,62566,Malmö
Barbro Svensson-Hosseini,0809243308,831029-2936,SE8902YZWC23724318974586,Fabriksstigen 73,62566,Malmö
Barbro Svensson-Hosseini,0809243308,831029-2936,SE8902AMRJ75051497335013,Fabriksstigen 73,62566,Malmö
Mila Larsson,0340969926,070119-5604,SE8902PFUA65955298845159,Storvägen 744,55763,Jönköping
Mila Larsson,0340969926,070119-5604,SE8902DNVY67349092911659,Storvägen 744,55763,Jönköping
Linnea Ekberg,0879741904,050313-8067,SE8902QBFU77974903239810,Skogsgatan 9,24472,Södertälje
Marie Karlsson,067095806,030330-5338,SE8902NBJB19095650975525,Nyvägen 366,29309,Eskilstuna
Louise Rask,08276667,460319-8310,SE8902IACG54044232519044,Skolstigen 09,96709,Varberg
Louise Rask,08276667,460319-8310,SE8902NKXR00859309312215,Skolstigen 09,96709,Varberg
Karin Lindholm,0001310983,661105-0391,SE8902PFCZ88971783919966,Ekvägen 7,23011,Umeå
Karin Lindholm,0001310983,661105-0391,SE8902IQAS41209315371860,Ekvägen 7,23011,Umeå
Marie Ågren,08816231,810417-8192,SE8902HEMI79004079416247,Industritorget 18,23510,Eskilstuna
Yvonne Lindblom,011646556,880721-1449,SE8902LFOG32831877730656,Industrigatan 194,93595,Lund
Yvonne Lindblom,011646556,880721-1449,SE8902TJON16189488376725,Industrigatan 194,93595,Lund
Yvonne Lindblom,011646556,880721-1449,SE8902NXQN75553814880916,Industrigatan 194,93595,Lund
Filippa Andersson,0897903734,910425-0569,SE8902AOEI11888157159723,Furugatan 6,92612,Stockholm
Margit Nilsson Petersson,071516974,370824-9903,SE8902MIDF11176460973267,Nytorget 975,70910,Uppsala
Christina Isaksson,0808220444,501222-6584,SE8902XAJW53043482546967,Åkerstigen 05,52786,Uddevalla
Elisabet Andersson-Nyberg,076991870,600918-0651,SE8902XWUV40935991476872,Stationsstigen 77,95479,Skellefteå
Lena Eriksson,08050219,430822-7596,SE8902VFTG99252061459530,Grangränd 9,52169,Umeå
Lena Eriksson,08050219,430822-7596,SE8902XPRV76493567899496,Grangränd 9,52169,Umeå
Anneli Eriksson,0995618675,880412-3118,SE8902VJMZ66585930292336,Strandgatan 9,79201,Landskrona
Birgitta Dahl,0808173013,470720-1630,SE8902ABDS01701364961907,Björkgränd 726,18584,Kristianstad
Patricia Olsson,0083383777,990131-4873,SE8902IRXN70281866292484,Nygatan 1,52368,Lund
Patricia Olsson,0083383777,990131-4873,SE8902ZCTK81497780781136,Nygatan 1,52368,Lund
Patricia Olsson,0083383777,990131-4873,SE8902TKRB93799625518098,Nygatan 1,52368,Lund
Isabel Svensson,073401753,520519-5133,SE8902XFYN40331665173936,Ängsgränd 5,14171,Borlänge
Isabel Svensson,073401753,520519-5133,SE8902VXBW13958908779060,Ängsgränd 5,14171,Borlänge
Sofia Christensen,082465024,421220-9953,SE8902XBWW91028579125870,Nyvägen 992,89452,Örebro
Sofia Christensen,082465024,421220-9953,SE8902ZFFS54641169742438,Nyvägen 992,89452,Örebro
Matilda Gustafsson-Sjöberg,010070385,680612-3284,SE8902AEAH33465529509698,Ekgränd 1,89805,Falun
Ingegerd Skoglund,088254486,771019-7539,SE8902WIZV49599148565208,Strandvägen 04,49503,Falun
Ingegerd Skoglund,088254486,771019-7539,SE8902OKGM15362718359701,Strandvägen 04,49503,Falun
Ingegerd Skoglund,088254486,771019-7539,SE8902IQGU69949540367787,Strandvägen 04,49503,Falun
Lina Lidström Persson,001576927,650630-0398,SE8902PGNT42361129672323,Genvägen 937,46288,Södertälje
Eva Öberg,0773237229,870606-4063,SE8902LNQG72751750679403,Kyrkvägen 6,36868,Borlänge
Abdi Davidsson,0531934992,860506-6011,SE8902JYVV72673862515999,Bäckgränd 300,63255,Örebro
Jessica Hansen,056786151,800327-1791,SE8902UAZW13872369602420,Storgatan 1,83618,Nyköping
Karin Augustsson,048621771,490520-6670,SE8902DQLW24559347520043,Idrottsgatan 907,27118,Eskilstuna
Ann-Charlotte Åkesson,0881172767,870302-7774,SE8902HWWI70855528580462,Idrottsgatan 505,97829,Trollhättan
Ann-Charlotte Åkesson,0881172767,870302-7774,SE8902VJUZ52218371196993,Idrottsgatan 505,97829,Trollhättan
Maria Öberg,0854866647,400928-6537,SE8902VCAD18253035606269,Skogsstigen 7,27789,Nyköping
Maria Öberg,0854866647,400928-6537,SE8902OSQP10294973862487,Skogsstigen 7,27789,Nyköping
Elisabet Ljungberg,0845854134,470112-5371,SE8902CARL50738619229703,Fabriksvägen 27,86426,Varberg
Pia Alexandersson Brodin,077066964,940314-4687,SE8902SXSV66139578019742,Skolgatan 931,62743,Malmö
Anette Petersson,070526143,780619-1628,SE8902ZMRY06748088512775,Kyrkovägen 72,51671,Örnsköldsvik
Anette Petersson,070526143,780619-1628,SE8902DVQS82119924518238,Kyrkovägen 72,51671,Örnsköldsvik
Anette Petersson,070526143,780619-1628,SE8902BYDD28842601202864,Kyrkovägen 72,51671,Örnsköldsvik
Anette Petersson,070526143,780619-1628,SE8902GIHV74884246842599,Kyrkovägen 72,51671,Örnsköldsvik
Eva Klasson,0360820785,690918-3318,SE8902OULQ88924571915281,Industrivägen 1,49486,Örebro
Jenny Nyman,031597014,920210-4320,SE8902UBER10237927754278,Kvarngatan 0,45248,Skellefteå
Jenny Nyman,031597014,920210-4320,SE8902KNYL13525753615170,Kvarngatan 0,45248,Skellefteå
Sara Karlsson,034917572,050118-1887,SE8902KFZW27637456654899,Åkergatan 24,44207,Karlskrona
Sara Karlsson,034917572,050118-1887,SE8902RFAD93127690350624,Åkergatan 24,44207,Karlskrona
Ella Johnsson,074209666,661223-2626,SE8902GFDI02146082509603,Villavägen 276,23417,Halmstad
Mariann Söderlund,085690976,921013-4327,SE8902OTGT26923733226539,Björkgränd 761,93426,Stockholm
Annelie Sundström Ahmed,08402098,050316-9872,SE8902LEIQ16043588196306,Grangränd 6,26459,Kalmar
Elin Carlsson,0811933833,010318-7761,SE8902WPAU97779463181066,Fabriksgatan 7,81355,Karlstad
Elin Carlsson,0811933833,010318-7761,SE8902DIGS61927513105237,Fabriksgatan 7,81355,Karlstad
Sara Green,000341247,010921-4098,SE8902FKYE96295585801229,Industristigen 112,98204,Lidingö
Sara Green,000341247,010921-4098,SE8902OKBP25586865512985,Industristigen 112,98204,Lidingö
Sara Green,000341247,010921-4098,SE8902OVSC20334070794606,Industristigen 112,98204,Lidingö
Sara Green,000341247,010921-4098,SE8902EYAI40413449404955,Industristigen 112,98204,Lidingö
Maya Ek,022697711,360220-5001,SE8902YHDH95624192716829,Ringvägen 5,58870,Mölndal
Maya Ek,022697711,360220-5001,SE8902ENMF86033537014424,Ringvägen 5,58870,Mölndal
Viktoria Hansson-Karlsson,0845667022,550214-0477,SE8902KWGC09517167288801,Idrottsgatan 4,68401,Sundsvall
Ebba Forsell-Larsson,0895360911,921206-6980,SE8902UNVY51069080799808,Parkvägen 94,21724,Varberg
Ebba Forsell-Larsson,0895360911,921206-6980,SE8902VXSM52634787408878,Parkvägen 94,21724,Varberg
Lova Borgström-Wikström,037408053,351031-1156,SE8902VANG86827956202560,Backgatan 007,77193,Trelleborg
Eva Ivarsson-Karlsson,08420588,421127-7167,SE8902QCOM51159179331018,Trädgårdsvägen 4,78377,Lidingö
Åsa Falk,029527423,041105-3135,SE8902AHHW25831609187762,Kvarnvägen 22,73238,Umeå
Åsa Falk,029527423,041105-3135,SE8902BBBD92900838719471,Kvarnvägen 22,73238,Umeå
Maria Rydén,08518074,851027-1458,SE8902DFIF62619409849709,Furugatan 741,10929,Gävle
Maria Rydén,08518074,851027-1458,SE8902OJZV87378441905395,Furugatan 741,10929,Gävle
Maria Rydén,08518074,851027-1458,SE8902IFOG47846578093385,Furugatan 741,10929,Gävle
Maria Rydén,08518074,851027-1458,SE8902XMPH01266253886729,Furugatan 741,10929,Gävle
Marianne Johansson-Johansson,086151377,810924-6747,SE8902MISM30510735597086,Storvägen 1,98548,Örnsköldsvik
Elisabet Brink,0182377784,491216-2650,SE8902LHXM42438714486224,Gengatan 8,15699,Helsingborg
Sandra Berg-Söderman,061744858,860720-5146,SE8902YBPA06747616365238,Stationsgränd 47,66960,Trollhättan
Michelle Stark Martinsson,082285933,601224-4346,SE8902MPWG51569045484865,Parkgränd 3,74761,Norrköping
Michelle Stark Martinsson,082285933,601224-4346,SE8902ZTXO23071825012027,Parkgränd 3,74761,Norrköping
Eva Hjalmarsson,023759461,541229-5833,SE8902SPOT75366803801987,Industrigatan 8,12961,Landskrona
Tina Hammarström,0552769510,970512-8305,SE8902RBPQ42858370864616,Industrigatan 547,48570,Sandviken
Anna Edström,0846571476,030720-9973,SE8902HFSR53083572903940,Skogsgatan 652,25462,Lidingö
Ruth Omar,08064861,540411-6336,SE8902JNFW68474844339506,Ängsvägen 02,16410,Lidköping
Stella Andersson Hansson,081001566,660925-8436,SE8902YZWZ87858217066053,Fabriksgatan 87,10703,Alingsås
Eva Svensson,0359884242,040131-0016,SE8902GWOF13656646987338,Industrigatan 607,67196,Lidköping
Agneta Zhang,08512496,010607-6805,SE8902NIIB74522467804955,Gengränd 5,69690,Alingsås
Cecilia Borg,050183334,700411-6757,SE8902WDCF38284869757417,Järnvägsvägen 1,20237,Örnsköldsvik
Lina Larsson,08440020,670428-7017,SE8902WFUC02168045258799,Nyvägen 80,51784,Gävle
Jenny Petersson-Ottosson,0824484058,940921-4039,SE8902ALWE64418794375241,Kvarngatan 077,50054,Uppsala
Jenny Petersson-Ottosson,0824484058,940921-4039,SE8902WJDM26526890895791,Kvarngatan 077,50054,Uppsala
Jenny Petersson-Ottosson,0824484058,940921-4039,SE8902QLQD50953604363689,Kvarngatan 077,50054,Uppsala
Kristina Carlsson,044564636,500318-9833,SE8902QSEZ62900642158291,Furuvägen 406,10934,Kalmar
Lovisa Larsson,0874267260,461224-9195,SE8902HEBA48610510102589,Furuvägen 109,77486,Lund
Ing-Marie Wennberg,070401487,361111-3899,SE8902SOSH76024453681329,Fabriksgränd 55,45869,Sundsvall
Ing-Marie Wennberg,070401487,361111-3899,SE8902RYJW27814189025495,Fabriksgränd 55,45869,Sundsvall
Ing-Britt Sjölin,082834579,700320-8738,SE8902UVRY16194000688254,Åkerstigen 2,82587,Karlstad
Yasmin Nilsson,0899101605,641015-5045,SE8902NNNR28386574821422,Parkgatan 41,14946,Södertälje
Yasmin Nilsson,0899101605,641015-5045,SE8902UZYG74951512780315,Parkgatan 41,14946,Södertälje
Vera Andersson,0396640072,441119-7330,SE8902FLMA18768060331290,Skolgatan 8,50948,Linköping
Vera Andersson,0396640072,441119-7330,SE8902ADKD16230449646773,Skolgatan 8,50948,Linköping
Daniella Björk,097814860,430501-5853,SE8902WGFJ72090874836772,Fabrikstorget 9,93573,Falun
Yvonne Aronsson,082946879,950614-2836,SE8902GHSB29020078073922,Parkstigen 15,61628,Göteborg
Johanna Johansson,0337353019,450220-3229,SE8902DRNW01025820075953,Industrivägen 439,22290,Halmstad
Felicia Jeppsson,08187545,810701-7363,SE8902OELG14968309944058,Idrottsgatan 28,44636,Södertälje
Felicia Jeppsson,08187545,810701-7363,SE8902YBIX02378701637177,Idrottsgatan 28,44636,Södertälje
Nina Hellström,053116484,421205-9713,SE8902JIRN62314882418604,Villatorget 16,18783,Örebro
Margareta Hallberg Mohamed,0247339507,900602-3726,SE8902JXAL47272008936438,Åkerstigen 080,61500,Kristianstad
Ingegärd Larsson,079704022,541201-9092,SE8902SPLA84551710891296,Industrivägen 223,50840,Lidköping
Laila Johansson,08166507,410406-3831,SE8902GJEV19959770508700,Stationsgatan 6,93606,Linköping
Ebba Andersson,040199641,420211-2910,SE8902ZNHI21783939608864,Storgränd 0,40402,Karlskrona
Sandra Karlsson,051155270,570529-2893,SE8902QVLD06706916367921,Backvägen 50,24223,Kristianstad
Tilde Nyberg Svensson,08825176,890101-0481,SE8902AXQM18280403499014,Kyrkstigen 45,99449,Västerås
Antonia Eriksson,0891407824,970131-9494,SE8902MRZJ54641003814611,Parktorget 30,83819,Stockholm
Jeanette Pettersson,08183169,640207-1176,SE8902YXRL88472345282788,Åkervägen 74,54518,Karlstad
Linnéa Westerlund,0839984674,011129-2405,SE8902BRIL75914384755151,Industristigen 06,92616,Piteå
Linnéa Westerlund,0839984674,011129-2405,SE8902ZJEO82962448424927,Industristigen 06,92616,Piteå
Sofia Pettersson,087907550,480219-6958,SE8902MJIL81207705272655,Fabriksgatan 3,25720,Södertälje
Ahmed Brolin,072166595,651217-3912,SE8902NOXD78517742994470,Industrivägen 2,38219,Örnsköldsvik
Britt Svärd,084490345,380219-1373,SE8902NEKM17238713453074,Strandgränd 13,91904,Alingsås
Britt Svärd,084490345,380219-1373,SE8902GQAF56677712799125,Strandgränd 13,91904,Alingsås
Britt Svärd,084490345,380219-1373,SE8902GZKG54552009162805,Strandgränd 13,91904,Alingsås
Britt Svärd,084490345,380219-1373,SE8902ROXJ87709608865856,Strandgränd 13,91904,Alingsås
Viktoria Thorén Eriksson,0170965374,990429-0559,SE8902AVGD46528407389614,Gengatan 17,80339,Falun
Viktoria Thorén Eriksson,0170965374,990429-0559,SE8902XFGN05965642065136,Gengatan 17,80339,Falun
Lisbet Eriksson,08424170,891030-3471,SE8902XUOQ37054183061149,Granvägen 92,61099,Lidingö
Lisbet Eriksson,08424170,891030-3471,SE8902QCNP19721394374879,Granvägen 92,61099,Lidingö
Ann-Sofie Persson,071151688,960806-7808,SE8902TONI18274393550042,Storvägen 5,13929,Uddevalla
Ann-Sofie Persson,071151688,960806-7808,SE8902RDFD79748993078910,Storvägen 5,13929,Uddevalla
Marika Petersen,036041995,061022-1343,SE8902YEDJ01205803951858,Genvägen 6,68346,Eskilstuna
Marika Petersen,036041995,061022-1343,SE8902IJBW38904188628765,Genvägen 6,68346,Eskilstuna
Marika Petersen,036041995,061022-1343,SE8902FMID10536679996597,Genvägen 6,68346,Eskilstuna
Pernilla Forsberg,017993769,401110-9719,SE8902ZWKS28095257338274,Industrigatan 8,91343,Ängelholm
Pernilla Forsberg,017993769,401110-9719,SE8902JFXZ40334167631989,Industrigatan 8,91343,Ängelholm
Pernilla Forsberg,017993769,401110-9719,SE8902DOFI01208990186376,Industrigatan 8,91343,Ängelholm
Elin Blom,033501484,611223-8008,SE8902OILP02531246077432,Furuvägen 1,71239,Karlskoga
Tindra Berglund,047227907,041004-4440,SE8902MQTA07583386361028,Furuvägen 43,98974,Skövde
Tindra Berglund,047227907,041004-4440,SE8902GJBL45406945630901,Furuvägen 43,98974,Skövde
Marina Hansson-Frisk,0834001292,420922-8909,SE8902PLOQ67311426466791,Järnvägsgatan 359,84129,Södertälje
Linda Andersson,0807520234,440828-9884,SE8902ONKL85026172925302,Stationsgatan 47,36006,Karlskoga
Linda Andersson,0807520234,440828-9884,SE8902XGBQ65373440284962,Stationsgatan 47,36006,Karlskoga
My Johansson,0826818717,391121-3928,SE8902KFFN35109779680770,Skolvägen 174,33343,Örebro
My Johansson,0826818717,391121-3928,SE8902NQRV40490469744981,Skolvägen 174,33343,Örebro
Britt-Marie Lundström,0836153632,380131-5510,SE8902XSYV69131047178016,Villagatan 8,61108,Gävle
Hanna Alfredsson,0474005045,351123-4134,SE8902HODK85678819977506,Bäckgränd 97,77756,Helsingborg
Lovisa Persson Gunnarsson,0086566424,440107-5637,SE8902YIGY15689375176219,Skolgatan 37,35950,Örebro
Eivor Bengtsson,081805537,010826-5976,SE8902JTME09227824695264,Nygatan 45,99468,Eskilstuna
Eivor Bengtsson,081805537,010826-5976,SE8902UWHJ79819805055119,Nygatan 45,99468,Eskilstuna
Lovisa Axelsson,08840672,810311-0196,SE8902OWWY66208651137307,Järnvägstorget 48,46893,Västerås
Lovisa Axelsson,08840672,810311-0196,SE8902DGBN51946839388357,Järnvägstorget 48,46893,Västerås
Kristina Blixt,036077797,780906-7700,SE8902GXGJ09737434359792,Skolstigen 09,61795,Uppsala
Kristina Blixt,036077797,780906-7700,SE8902PVMT99502269929745,Skolstigen 09,61795,Uppsala
Anita Eriksson,08769214,870206-1931,SE8902FKHS98022985303829,Industristigen 07,36634,Lund
Anita Eriksson,08769214,870206-1931,SE8902TMHA72646385787943,Industristigen 07,36634,Lund
Anita Eriksson,08769214,870206-1931,SE8902EUXF81891691396825,Industristigen 07,36634,Lund
Ingrid Persson,040753272,690226-7522,SE8902CEKC27544305100945,Industrivägen 05,76444,Trelleborg
Ingrid Persson,040753272,690226-7522,SE8902YFNV15788568473424,Industrivägen 05,76444,Trelleborg
Britta Larsson,084273725,740618-8388,SE8902VLZY43895735167710,Björkstigen 0,33321,Sandviken
Britta Larsson,084273725,740618-8388,SE8902JTWL04765331104215,Björkstigen 0,33321,Sandviken
Johanna Friberg,088750777,440202-6167,SE8902SHGS62187533607069,Skogsstigen 5,81766,Ängelholm
Johanna Friberg,088750777,440202-6167,SE8902DHTY58610419863874,Skogsstigen 5,81766,Ängelholm
Viola Hedman Bergström,021417367,041021-0876,SE8902XJXJ66998115817653,Skolgatan 6,71289,Kristianstad
Viola Hedman Bergström,021417367,041021-0876,SE8902YORA10515982490383,Skolgatan 6,71289,Kristianstad
Viola Hedman Bergström,021417367,041021-0876,SE8902APRX63562848993577,Skolgatan 6,71289,Kristianstad
Karin Brolin,087116464,680714-5492,SE8902PTAF77843993668616,Furugatan 939,66421,Östersund
Karin Brolin,087116464,680714-5492,SE8902EHTU59069815598850,Furugatan 939,66421,Östersund
Anne Dahl,0837526521,551021-3902,SE8902FEIJ60109004189441,Ekgränd 1,53269,Uppsala
Anne Dahl,0837526521,551021-3902,SE8902ZTYB33411513006359,Ekgränd 1,53269,Uppsala
Carin Svensson Johansson,047800845,491207-7031,SE8902SMBI03438185868162,Aspgränd 05,92511,Trelleborg
Carin Svensson Johansson,047800845,491207-7031,SE8902XFDS45905033879975,Aspgränd 05,92511,Trelleborg
Carin Svensson Johansson,047800845,491207-7031,SE8902ZAWM87891339334132,Aspgränd 05,92511,Trelleborg
Michelle Hedberg,0801301138,790311-4127,SE8902YMWM67923221263529,Kyrkstigen 98,50857,Uppsala
Michelle Hedberg,0801301138,790311-4127,SE8902ZJBK03539793529686,Kyrkstigen 98,50857,Uppsala
Pia Lindblom,035039986,600315-9438,SE8902IAAP17064707009052,Villastigen 823,20090,Varberg
Pia Lindblom,035039986,600315-9438,SE8902GZRH81686967761778,Villastigen 823,20090,Varberg
Pia Lindblom,035039986,600315-9438,SE8902PMAG08583189181534,Villastigen 823,20090,Varberg
Linnéa Larsson,0880869916,670318-0346,SE8902YWPH88733310983578,Strandstigen 0,22608,Lidköping
Linnéa Larsson,0880869916,670318-0346,SE8902QVVH33425126369593,Strandstigen 0,22608,Lidköping
Eva Lindberg,061433318,661202-4429,SE8902YYDM63526347491057,Kyrkostigen 5,24874,Lund
Birgit Andersson,068609529,050416-1431,SE8902CFVV30512683866714,Nygatan 973,29427,Uddevalla
Gisela Karlsson,0758823879,380601-5578,SE8902LHWV91263359767569,Parkstigen 831,36385,Norrköping
Kerstin Brandt,0840880310,870517-1141,SE8902ZDQZ85735825212197,Kyrkgatan 8,97163,Lidingö
Kerstin Brandt,0840880310,870517-1141,SE8902GOTA27808705650145,Kyrkgatan 8,97163,Lidingö
Margaretha Svensson,0652777539,400518-2425,SE8902XVPE12442001326703,Industrivägen 2,45245,Landskrona
Margaretha Svensson,0652777539,400518-2425,SE8902BQOF94784189390061,Industrivägen 2,45245,Landskrona
Margaretha Svensson,0652777539,400518-2425,SE8902EDII68114485236045,Industrivägen 2,45245,Landskrona
Maria Nyström-Nilsson,0272019789,881124-5011,SE8902UGUU35326815762231,Strandtorget 253,76902,Borlänge
Maria Nyström-Nilsson,0272019789,881124-5011,SE8902ZECH07329184737257,Strandtorget 253,76902,Borlänge
Anne-Marie Westman,0724338926,770916-0571,SE8902YANL80406594542262,Järnvägsgatan 840,29966,Landskrona
Filippa Sjögren,0277226723,680623-6474,SE8902CAYR28184400854269,Parktorget 56,90194,Luleå
Clara Holmström,0804349324,581102-8637,SE8902CZMN06754312018557,Ekstigen 873,52827,Kristianstad
Maria Englund,08683368,710429-8620,SE8902ORRS48118816092087,Industrigränd 518,28667,Motala
Carin Andersson,077716842,740323-4409,SE8902DYMK28727836359365,Skolgränd 9,49885,Halmstad
Carin Andersson,077716842,740323-4409,SE8902GNES50129557296591,Skolgränd 9,49885,Halmstad
Carina Christensen,028009405,010404-6354,SE8902YBWC04395871663306,Stationsgatan 759,17885,Karlstad
Fanny Karlsson,0876466780,761006-8749,SE8902DQYM36490908630376,Skolvägen 296,26804,Motala
Fanny Karlsson,0876466780,761006-8749,SE8902QTON45088878513232,Skolvägen 296,26804,Motala
Fanny Karlsson,0876466780,761006-8749,SE8902EOQK87745075861922,Skolvägen 296,26804,Motala
Mariana Lindgren,0822809955,440224-9439,SE8902AIOW62956716316259,Järnvägsgränd 469,63725,Ängelholm
Mariana Lindgren,0822809955,440224-9439,SE8902NVBN39901843446898,Järnvägsgränd 469,63725,Ängelholm
Mariana Lindgren,0822809955,440224-9439,SE8902OSUM31787311714438,Järnvägsgränd 469,63725,Ängelholm
Mariana Lindgren,0822809955,440224-9439,SE8902TVVW07944483518187,Järnvägsgränd 469,63725,Ängelholm
Marie Adolfsson,0818087900,670709-7199,SE8902GTZD12314857392944,Stationsgatan 4,48397,Sandviken
Marie Adolfsson,0818087900,670709-7199,SE8902EWKS60852595775659,Stationsgatan 4,48397,Sandviken
Marie Adolfsson,0818087900,670709-7199,SE8902STMW83870980133580,Stationsgatan 4,48397,Sandviken
Marie Adolfsson,0818087900,670709-7199,SE8902VQDV44258038827151,Stationsgatan 4,48397,Sandviken
Margareta Lundberg,067794815,681002-1789,SE8902WWYX14350160073945,Trädgårdsvägen 3,88821,Stockholm
Margareta Lundberg,067794815,681002-1789,SE8902YJGY22142109131075,Trädgårdsvägen 3,88821,Stockholm
Mikaela Larsson,001626466,600915-9754,SE8902KWJE25618757328979,Skolgatan 388,49378,Luleå
Mikaela Larsson,001626466,600915-9754,SE8902BOXY64871872720401,Skolgatan 388,49378,Luleå
Mikaela Larsson,001626466,600915-9754,SE8902TSLW64629501935121,Skolgatan 388,49378,Luleå
Catharina Carlsson,08160950,411026-6477,SE8902YUBQ50433561046806,Järnvägsgränd 933,52517,Trollhättan
Catharina Carlsson,08160950,411026-6477,SE8902NLPV05101680537537,Järnvägsgränd 933,52517,Trollhättan
Catharina Carlsson,08160950,411026-6477,SE8902FHYM56802980847454,Järnvägsgränd 933,52517,Trollhättan
Amanda Håkansson Johansson,083267870,041204-2210,SE8902DFDE10377026495528,Kvarntorget 624,78235,Sundsvall
Valentina Lindgren,0840859543,061112-5832,SE8902OFTJ79383582820961,Kvarngränd 201,64743,Landskrona
Margareta Andersson,08678581,750406-2584,SE8902HBJK93110274210203,Kvarngatan 37,31689,Uddevalla
Viktoria Franzén,046883536,851019-2308,SE8902VWXK42191765114871,Trädgårdsstigen 79,91004,Lidingö
Viktoria Franzén,046883536,851019-2308,SE8902YNEG45809952624906,Trädgårdsstigen 79,91004,Lidingö
Katarina Holmberg,0532720915,710609-6535,SE8902PFMB93666687080636,Nystigen 02,77213,Skellefteå
Katarina Holmberg,0532720915,710609-6535,SE8902GVKT62124718311587,Nystigen 02,77213,Skellefteå
Katarina Holmberg,0532720915,710609-6535,SE8902OEQF58082660806550,Nystigen 02,77213,Skellefteå
Helena Gustafsson,052372797,700710-1087,SE8902QBVC38031274896724,Gengatan 1,78798,Motala
Johanna Andersson,009070738,620603-8850,SE8902ELOW76907000148619,Bäckgatan 63,63900,Sundsvall
Siri Nilsson,082941451,800306-5847,SE8902TARS73293766587552,Kvarngatan 57,36312,Kristianstad
Siri Nilsson,082941451,800306-5847,SE8902KVSV81092256666408,Kvarngatan 57,36312,Kristianstad
Siri Nilsson,082941451,800306-5847,SE8902XARM90172386742244,Kvarngatan 57,36312,Kristianstad
Frida Nilsson,08185403,520328-2842,SE8902YERF08265652105112,Ängsgatan 2,99721,Skellefteå
Frida Nilsson,08185403,520328-2842,SE8902RENF20626970972224,Ängsgatan 2,99721,Skellefteå
My Larsen,046063060,440512-1270,SE8902YRPI91283893221753,Parkgränd 3,46100,Mölndal
My Larsen,046063060,440512-1270,SE8902OLYJ75119346245205,Parkgränd 3,46100,Mölndal
My Larsen,046063060,440512-1270,SE8902DTWL15581241936252,Parkgränd 3,46100,Mölndal
My Larsen,046063060,440512-1270,SE8902YCMH62501138405727,Parkgränd 3,46100,Mölndal
Linda Lundqvist,0869178769,760120-4154,SE8902QYSY81014676327000,Gengatan 86,94171,Umeå
Linda Lundqvist,0869178769,760120-4154,SE8902AFOU10164539916013,Gengatan 86,94171,Umeå
Linda Lundqvist,0869178769,760120-4154,SE8902XIOP55762967773996,Gengatan 86,94171,Umeå
Linda Lundqvist,0869178769,760120-4154,SE8902AGTC76402704279286,Gengatan 86,94171,Umeå
Linnéa Johansen,037336676,690123-9977,SE8902EJUK14153809334395,Ringvägen 70,88385,Borlänge
Eva Eklund Andersson,066088736,530808-9696,SE8902ZKZE03352259811045,Villavägen 7,84617,Östersund
Eva Eklund Andersson,066088736,530808-9696,SE8902FUEO19973931032909,Villavägen 7,84617,Östersund
Evelina Lindskog,0823771494,910526-8503,SE8902CDJH95141039369424,Idrottsgatan 912,93896,Lidköping
Evelina Lindskog,0823771494,910526-8503,SE8902LTEB55772338700469,Idrottsgatan 912,93896,Lidköping
Evelina Lindskog,0823771494,910526-8503,SE8902XJXO24323243710044,Idrottsgatan 912,93896,Lidköping
Helen Nilsson,089333024,950814-2750,SE8902LYWY52207782370009,Skolgatan 6,72988,Helsingborg
Helen Nilsson,089333024,950814-2750,SE8902PUTI27368119946710,Skolgatan 6,72988,Helsingborg
Ing-Marie Almqvist,0895622232,921231-2673,SE8902ZFCJ85266822978818,Ringvägen 86,75761,Lund
Ing-Marie Almqvist,0895622232,921231-2673,SE8902OETG93189334327881,Ringvägen 86,75761,Lund
Ing-Marie Almqvist,0895622232,921231-2673,SE8902WWPN36583068524999,Ringvägen 86,75761,Lund
Linnea Carlsson,078115077,650218-3392,SE8902SPMV06240825225975,Villagatan 768,65009,Kristianstad
Linnea Carlsson,078115077,650218-3392,SE8902MAVP99765805035027,Villagatan 768,65009,Kristianstad
Katarina Persson,0824618224,920623-5336,SE8902CUOA55859966187343,Kvarngatan 914,36230,Mölndal
Frida Lindberg,0201115168,380402-5223,SE8902MINV17334030266764,Fabriksgatan 209,98750,Karlskoga
Carina Malmqvist,0849013840,001015-8624,SE8902DGRO18476288845448,Ringgränd 3,49297,Varberg
Carina Malmqvist,0849013840,001015-8624,SE8902FUXQ13611890616632,Ringgränd 3,49297,Varberg
Camilla Eriksson,0102433001,840828-8945,SE8902TTCV22659277900658,Fabriksvägen 151,59907,Trelleborg
Eva Linde,087795918,640122-9411,SE8902QOLP68576231602784,Idrottsvägen 0,29487,Norrköping
Eva Jonsson,0863352770,810825-2753,SE8902XHDH97099673211691,Villagatan 97,37396,Karlskrona
Eva Jonsson,0863352770,810825-2753,SE8902NQVT00867426002134,Villagatan 97,37396,Karlskrona
Susann Gustafsson,08307994,741222-7501,SE8902OIOG12978777374762,Trädgårdsstigen 3,22858,Trelleborg
Susann Gustafsson,08307994,741222-7501,SE8902ABOS54302823852209,Trädgårdsstigen 3,22858,Trelleborg
Anna-Lena Fredriksson,088710600,040814-4327,SE8902WJRN19883673497555,Granvägen 127,72067,Borlänge
Anna-Lena Fredriksson,088710600,040814-4327,SE8902MORC95963771559704,Granvägen 127,72067,Borlänge
Anna Skog,0869972887,381120-9885,SE8902DOSN50610060091936,Villagränd 0,58987,Karlstad
Anna Skog,0869972887,381120-9885,SE8902ZQTF23438409122635,Villagränd 0,58987,Karlstad
Felicia Nilsson,049286876,850228-1978,SE8902XNUU38667095299418,Parkgatan 3,97888,Helsingborg
Susanne Turesson,0860259728,620828-1441,SE8902GRHA70024737117241,Strandstigen 257,52727,Karlskoga
Susanne Turesson,0860259728,620828-1441,SE8902NOWZ09781738609160,Strandstigen 257,52727,Karlskoga
Susanne Turesson,0860259728,620828-1441,SE8902GJPJ21866669764448,Strandstigen 257,52727,Karlskoga
Sonia Olsson,0063953619,010602-2940,SE8902THMG75207589410634,Industrigränd 0,38830,Örnsköldsvik
Sonia Olsson,0063953619,010602-2940,SE8902ORAT65143572227414,Industrigränd 0,38830,Örnsköldsvik
Viktoria Mohammed,017775070,390706-5712,SE8902RMZQ99119231760140,Storgatan 6,74699,Borås
Viktoria Mohammed,017775070,390706-5712,SE8902EHQT53687871208531,Storgatan 6,74699,Borås
Yvonne Andersson,0860732236,901124-3400,SE8902VULP28317370301184,Nyvägen 8,44360,Uddevalla
Karolina Blom,084843406,911111-4402,SE8902PXRQ98520175302074,Skolvägen 36,46203,Örebro
Karolina Blom,084843406,911111-4402,SE8902RBXU00091422402190,Skolvägen 36,46203,Örebro
Karolina Blom,084843406,911111-4402,SE8902LFCU74107203362240,Skolvägen 36,46203,Örebro
Karolina Blom,084843406,911111-4402,SE8902DMTK02100815459260,Skolvägen 36,46203,Örebro
Emma Ali,08491326,780718-5090,SE8902CRCW34066239004922,Skolvägen 252,38575,Linköping
Helena Jansson,08495887,600508-9435,SE8902UGGW38274485777478,Strandtorget 15,56167,Östersund
Birgitta Davidsson,089601320,860713-8024,SE8902TUFM02844898189627,Bäckgatan 6,56593,Umeå
Hedvig Björk,044110288,890419-2955,SE8902ZUBS27912610124575,Furustigen 10,66568,Sandviken
Hedvig Björk,044110288,890419-2955,SE8902PQQA91803707968793,Furustigen 10,66568,Sandviken
Marie Malm,0845183855,900522-5926,SE8902EVCJ18582465780769,Furugatan 98,79732,Malmö
Marie Malm,0845183855,900522-5926,SE8902RUZG18814542051536,Furugatan 98,79732,Malmö
Linnea Johnsson,0854545280,470606-3262,SE8902FZSN55947389902845,Skolstigen 7,67640,Skövde
Linnea Johnsson,0854545280,470606-3262,SE8902ARZK76217160045547,Skolstigen 7,67640,Skövde
Elsie Persson Lidström,095597410,780627-8714,SE8902PEMO00496019465141,Parktorget 2,68636,Sandviken
Elise Söderman,067557619,751005-1860,SE8902EANL33346362686121,Kvarnvägen 8,35146,Uppsala
Elise Söderman,067557619,751005-1860,SE8902AZSP13287899419402,Kvarnvägen 8,35146,Uppsala
Elise Söderman,067557619,751005-1860,SE8902RXPZ64193650870827,Kvarnvägen 8,35146,Uppsala
Elise Söderman,067557619,751005-1860,SE8902FKMU98532754573323,Kvarnvägen 8,35146,Uppsala
Isabelle Wahlgren,08494514,951223-4403,SE8902ITVH26113588018628,Ängsstigen 796,75978,Sandviken
Isabelle Wahlgren,08494514,951223-4403,SE8902YFRV85699768159258,Ängsstigen 796,75978,Sandviken
Margret Brandt,0060456614,050623-3907,SE8902MQZJ06643246897705,Parkvägen 89,42271,Varberg
Margret Brandt,0060456614,050623-3907,SE8902FWCH71102712794153,Parkvägen 89,42271,Varberg
Margret Brandt,0060456614,050623-3907,SE8902OYAH39744900512609,Parkvägen 89,42271,Varberg
Lisbet Berglund,0833095683,580615-1113,SE8902XETE95068684209773,Industrivägen 0,48496,Kalmar
Ingrid Karlsson,080678258,810529-0871,SE8902TZSS77431559302602,Kvarntorget 9,53652,Halmstad
Ingrid Karlsson,080678258,810529-0871,SE8902CYPH60544976843583,Kvarntorget 9,53652,Halmstad
Ingrid Karlsson,080678258,810529-0871,SE8902QYWM08226326615443,Kvarntorget 9,53652,Halmstad
Ibrahim Andersen,0529076239,430102-8306,SE8902OYYC26878073615803,Björkgatan 0,93073,Jönköping
Ibrahim Andersen,0529076239,430102-8306,SE8902FNVL25969348892346,Björkgatan 0,93073,Jönköping
Ibrahim Andersen,0529076239,430102-8306,SE8902SPMP91486768673172,Björkgatan 0,93073,Jönköping
Maj Falk,0892118738,850116-7558,SE8902GAXX53411861552462,Industritorget 07,93914,Södertälje
Cecilia Holm,016315185,940822-3189,SE8902YXOS87838017500335,Ängsstigen 7,77768,Eskilstuna
Cecilia Holm,016315185,940822-3189,SE8902JWXW28958053475452,Ängsstigen 7,77768,Eskilstuna
Maria Larsson,061755144,640716-8654,SE8902MURT68729362533248,Storgatan 8,47019,Luleå
Maria Larsson,061755144,640716-8654,SE8902VVUL13283946661384,Storgatan 8,47019,Luleå
Lilian Pettersson,0636065582,970116-2787,SE8902KWRS27148391651848,Parkvägen 7,76002,Uddevalla
Lilian Pettersson,0636065582,970116-2787,SE8902KWSP63038857977275,Parkvägen 7,76002,Uddevalla
Nour Persson Lidström,004059051,910301-3570,SE8902TMAZ51468626641221,Trädgårdsvägen 779,62230,Sundsvall
Marianne Andersson,0802363105,390224-9725,SE8902KMXN52564213381947,Skogsvägen 90,91152,Nyköping
Solveig Lindström,085491222,891121-8041,SE8902HUPY67929894959123,Åkergatan 936,81672,Alingsås
Solveig Lindström,085491222,891121-8041,SE8902JTIU30473679174736,Åkergatan 936,81672,Alingsås
Tuulikki Molin,0501188133,820827-1828,SE8902XCIR72675281902466,Fabriksgränd 659,38032,Helsingborg
Inger Svensson Andersson,0800459429,740830-3035,SE8902TUHD34770837374560,Stationsgatan 8,75400,Uddevalla
Eva Nordström,065896091,720218-1660,SE8902QLED17935826591915,Furugatan 703,57380,Kalmar
Stella Björk,052970323,410829-6163,SE8902HMCZ09136061205337,Kyrkvägen 967,64300,Trollhättan
Stella Björk,052970323,410829-6163,SE8902MMNV35784660404948,Kyrkvägen 967,64300,Trollhättan
Sofia Lindgren,0805259182,430511-1629,SE8902VSPR33562992730471,Backstigen 4,62258,Trelleborg
Lisa Isaksson-Johnsson,0820348679,470622-7867,SE8902NPHM95440604719066,Industrigränd 2,87738,Malmö
Lisa Isaksson-Johnsson,0820348679,470622-7867,SE8902UPMV66415672183575,Industrigränd 2,87738,Malmö
Engla Larsson-Öberg,0530368495,440217-6293,SE8902HAHX05192939117708,Skolgatan 2,22915,Lidingö
Engla Larsson-Öberg,0530368495,440217-6293,SE8902IETM52089049623113,Skolgatan 2,22915,Lidingö
Maria Erlandsson,08066864,460524-2876,SE8902DXER23023951967280,Kyrkgatan 4,75077,Malmö
Maria Erlandsson,08066864,460524-2876,SE8902ZUOU40396545889546,Kyrkgatan 4,75077,Malmö
Margareta Ågren,084526886,690718-9101,SE8902WBFK37994122017616,Parkstigen 522,24160,Kalmar
Margareta Ågren,084526886,690718-9101,SE8902TMVQ62559128130402,Parkstigen 522,24160,Kalmar
Helena Eklund Jakobsson,048210837,011029-6852,SE8902QNMM99008031804359,Nystigen 4,11935,Stockholm
Eva Södergren,044442580,551014-9866,SE8902PVNM34258841032637,Nystigen 3,68964,Halmstad
Eva Södergren,044442580,551014-9866,SE8902WINU18325188489431,Nystigen 3,68964,Halmstad
Eva Södergren,044442580,551014-9866,SE8902GUKI33865782482701,Nystigen 3,68964,Halmstad
Nadia Edström,056510180,540116-4602,SE8902BSOB17404569244252,Industrivägen 448,31689,Gävle
Nadia Edström,056510180,540116-4602,SE8902GDKU45032945438327,Industrivägen 448,31689,Gävle
Nadia Edström,056510180,540116-4602,SE8902YIAD46040982190137,Industrivägen 448,31689,Gävle
Nadia Edström,056510180,540116-4602,SE8902YHPG83168569237782,Industrivägen 448,31689,Gävle
Linda Lundgren,012516464,870930-6461,SE8902HTRS03259438277897,Villatorget 041,15737,Södertälje
Irene Hassan,0811996744,430703-4134,SE8902KDEZ48747876485385,Ekvägen 247,22426,Kalmar
Irene Hassan,0811996744,430703-4134,SE8902BRZE40142159892187,Ekvägen 247,22426,Kalmar
Ida Stenström,08275342,721012-5659,SE8902KLCO29429723379486,Storstigen 81,66399,Växjö
Alba Eriksson,0678667063,760516-9296,SE8902NBIZ83446887518068,Granvägen 7,24618,Landskrona
Lilian Johansson,035984615,870818-9462,SE8902QLYH24628869288269,Backgatan 5,81167,Motala
Lilian Johansson,035984615,870818-9462,SE8902THHW31823034276516,Backgatan 5,81167,Motala
Lilian Johansson,035984615,870818-9462,SE8902EHTP72915274751435,Backgatan 5,81167,Motala
Lilian Johansson,035984615,870818-9462,SE8902TAHI51097798630045,Backgatan 5,81167,Motala
Birgitta Johansson,037657377,831226-2531,SE8902LKRM96767797463197,Grangatan 80,24112,Piteå
Birgitta Johansson,037657377,831226-2531,SE8902ZGLL07430315277968,Grangatan 80,24112,Piteå
Lovisa Hedberg,0934299887,530830-3527,SE8902SLBZ46706062219762,Skolgatan 190,69374,Växjö
Lovisa Hedberg,0934299887,530830-3527,SE8902FBTR73223116722714,Skolgatan 190,69374,Växjö
Lovisa Hedberg,0934299887,530830-3527,SE8902FTIV24633690574571,Skolgatan 190,69374,Växjö
Susanne Molin-Sjölin,097581392,850630-1954,SE8902OCQK11725418237602,Storgatan 77,47052,Piteå
Susanne Molin-Sjölin,097581392,850630-1954,SE8902RASX95864855242605,Storgatan 77,47052,Piteå
Susanne Molin-Sjölin,097581392,850630-1954,SE8902ZIPR73751541971020,Storgatan 77,47052,Piteå
Helén Johansson,091416708,760413-3962,SE8902ROFI55976431488069,Åkergatan 1,97425,Östersund
Helén Johansson,091416708,760413-3962,SE8902ZZNR41237043450267,Åkergatan 1,97425,Östersund
Emelie Khan,0827484964,611114-2755,SE8902EYZV57214534359238,Granvägen 43,97942,Trollhättan
Maria Lundqvist,0878064250,910207-5331,SE8902WSFB21589079568833,Stationsgränd 01,47429,Trelleborg
Ingrid Larsson,0110429148,510519-9201,SE8902RTPP26534696624492,Järnvägsvägen 81,30816,Luleå
Ingela Hagman Johansson,038915376,610620-8330,SE8902ZZYD33218163616915,Industristigen 2,65196,Jönköping
Linnea Wang,08089473,720628-2324,SE8902MQQY51782698732487,Fabriksvägen 6,58977,Sundsvall
Kerstin Gustafsson,056458050,550512-0229,SE8902XIPF48454762305912,Ektorget 729,28747,Uddevalla
Kerstin Gustafsson,056458050,550512-0229,SE8902QQEM64469622591152,Ektorget 729,28747,Uddevalla
Kerstin Gustafsson,056458050,550512-0229,SE8902PLBL16144667744762,Ektorget 729,28747,Uddevalla
Christina Sjölund,0805030033,830908-8246,SE8902LVNK47443019784697,Idrottsvägen 227,68113,Piteå
Christina Sjölund,0805030033,830908-8246,SE8902VMWP60739361675669,Idrottsvägen 227,68113,Piteå
Helen Jonsson-Fredriksson,0551073430,741009-4614,SE8902LUGA16653984392162,Skolgatan 39,63141,Göteborg
Helen Jonsson-Fredriksson,0551073430,741009-4614,SE8902PNRT14858483416763,Skolgatan 39,63141,Göteborg
Malin Larsson,076511868,990816-5161,SE8902FPGB53740832393246,Ringvägen 978,70434,Lidingö
Maria Danielsson Nilsson,099345974,931028-8825,SE8902ZPXA01787857989303,Kyrkotorget 415,22455,Kristianstad
Siv Alm,096326093,411219-0204,SE8902XZSQ43469647161652,Skolvägen 50,94699,Västerås
Signe Eriksson-Holmberg,005053167,500902-1220,SE8902TNEQ21759041931830,Fabriksstigen 0,24573,Karlskrona
Signe Eriksson-Holmberg,005053167,500902-1220,SE8902UNIQ60986055961346,Fabriksstigen 0,24573,Karlskrona
Signe Eriksson-Holmberg,005053167,500902-1220,SE8902YLUL42869164891487,Fabriksstigen 0,24573,Karlskrona
Sophia Omar,0406990737,681114-4002,SE8902LYFI88654386046994,Parktorget 6,62509,Varberg
Maria Högberg,060430806,750416-7920,SE8902JBML23966854830022,Ekvägen 4,25743,Alingsås
Maria Högberg,060430806,750416-7920,SE8902MDNR23654048962365,Ekvägen 4,25743,Alingsås
Jessica Martinsson,066844480,820322-8260,SE8902XYWW06047880682425,Ekgatan 999,46727,Kristianstad
Suzanne Adolfsson,08362723,041020-5371,SE8902YFUG89397049014204,Stationsgatan 910,69122,Norrköping
Signe Andersson Hellström,088233866,011109-1492,SE8902TQXV74190163701650,Järnvägsgatan 21,90057,Halmstad
Elisabet Persson,080915899,550718-8943,SE8902QSEX48124440213093,Ängsgränd 50,60635,Borås
Elisabet Persson,080915899,550718-8943,SE8902CRKA97370313824795,Ängsgränd 50,60635,Borås
Karin Norén,0383943370,011116-3267,SE8902QVDX07065136908695,Idrottsgatan 573,35213,Uddevalla
Karin Norén,0383943370,011116-3267,SE8902LLGR94243337164385,Idrottsgatan 573,35213,Uddevalla
Karin Norén,0383943370,011116-3267,SE8902XIIY68366812613028,Idrottsgatan 573,35213,Uddevalla
Ingrid Johansson Lundberg,044024076,770429-7501,SE8902XUYH86436254539837,Parktorget 48,66253,Uddevalla
Cecilia Persson,038913327,540614-9160,SE8902AQCO44387324377348,Gentorget 23,58122,Skövde
Felicia Johansson,019918614,541020-7657,SE8902TCCK48879115025867,Bäckgränd 79,35784,Västerås
Agneta Johansson,0843372173,810516-5800,SE8902WATX62152063702344,Industrigatan 8,99295,Karlstad
Agneta Johansson,0843372173,810516-5800,SE8902TBOJ86049292227405,Industrigatan 8,99295,Karlstad
Agneta Johansson,0843372173,810516-5800,SE8902OATV02658940061811,Industrigatan 8,99295,Karlstad
Karin Lundqvist,0476182958,020711-6625,SE8902HLML76292022524770,Björkgatan 19,69858,Örnsköldsvik
Frida Karlsson,044013174,790105-4275,SE8902GKEP38370221536247,Granvägen 9,36607,Umeå
Irene Lundin,0050507046,790907-6270,SE8902UZBS49516417731818,Industrigatan 4,85664,Växjö
Margareta Jansson,08927157,380321-3721,SE8902OOLM49343686376830,Skolvägen 78,71474,Eskilstuna
Birgitta Bohlin,085829743,880321-5667,SE8902SVQW25123995841385,Kvarngatan 224,31260,Trelleborg
Märta Olsson,024976370,600825-1057,SE8902WCIT71011280885223,Kvarntorget 3,10033,Göteborg
Cecilia Andersson,082805176,940925-9703,SE8902JDXF35466571430209,Åkervägen 36,92200,Uddevalla
Jenny Sundqvist,023815738,750425-2219,SE8902LHUA50734331657544,Järnvägsvägen 7,57441,Östersund
Jenny Sundqvist,023815738,750425-2219,SE8902UIXL22740523863004,Järnvägsvägen 7,57441,Östersund
Jenny Sundqvist,023815738,750425-2219,SE8902NNNA87679319218094,Järnvägsvägen 7,57441,Östersund
Jenny Sundqvist,023815738,750425-2219,SE8902MKGL15508437601995,Järnvägsvägen 7,57441,Östersund
Gunilla Ismail,062177946,391223-1101,SE8902VMHX62709096665480,Ringgränd 04,45573,Stockholm
Märta Pettersson,0842617602,850110-2126,SE8902DGXP57963435565595,Kyrkovägen 29,94734,Eskilstuna
Märta Pettersson,0842617602,850110-2126,SE8902GGWE97497502378359,Kyrkovägen 29,94734,Eskilstuna
Agneta Samuelsson,095887167,500911-0213,SE8902RHZS07263432451114,Skogsvägen 618,66992,Uddevalla
Helena Eliasson,011553006,691224-2689,SE8902MKFC17006139746737,Skolvägen 659,69925,Lidingö
Helena Eliasson,011553006,691224-2689,SE8902FADN38705986955694,Skolvägen 659,69925,Lidingö
Charlotte Johansson,089714220,530116-4132,SE8902AHVW14609154839055,Parkstigen 555,33240,Karlstad
Malva Bergman,098027961,480913-1966,SE8902MPFF59071266405689,Trädgårdsvägen 4,34045,Ängelholm
Elisabeth Svensson Johansson,081246170,770714-3595,SE8902IOUR73096302679146,Skolgatan 4,86812,Malmö
Helena Rasmussen,0870532514,020129-8650,SE8902GZKU10549826849499,Åkerstigen 32,80305,Halmstad
Olivia Malm,0869591736,531001-9541,SE8902NILS51480673047457,Genvägen 3,18922,Växjö
Natalie Karlsson,0840369919,990720-2171,SE8902EPZK82020056741347,Kyrkovägen 139,98602,Nyköping
Natalie Karlsson,0840369919,990720-2171,SE8902WEPX09489049975102,Kyrkovägen 139,98602,Nyköping
Natalie Karlsson,0840369919,990720-2171,SE8902NFEX92122769382579,Kyrkovägen 139,98602,Nyköping
Natalie Karlsson,0840369919,990720-2171,SE8902RDOL83252725715066,Kyrkovägen 139,98602,Nyköping
Natalie Karlsson,0840369919,990720-2171,SE8902DVSD57008700941701,Kyrkovägen 139,98602,Nyköping
Natalie Karlsson,0840369919,990720-2171,SE8902DGXX88147139459340,Kyrkovägen 139,98602,Nyköping
Klara Eriksson,029378794,710824-0206,SE8902VEMX25234923276716,Parkstigen 5,94172,Ängelholm
Klara Eriksson,029378794,710824-0206,SE8902IPMR06918676283049,Parkstigen 5,94172,Ängelholm
Carina Karlsson,0805070596,760925-9945,SE8902ETCY90517906060184,Kyrkvägen 644,84490,Landskrona
Josefine Nilsson,0992610325,720302-4638,SE8902PQAY31420284375015,Furutorget 956,18239,Uppsala
Annie Lundgren,0667596470,710630-2347,SE8902ZRZI47417483372579,Åkergatan 6,11961,Örebro
Annie Lundgren,0667596470,710630-2347,SE8902TCIS05326189768955,Åkergatan 6,11961,Örebro
Zahra Olsson-Eriksson,007393998,000121-2265,SE8902FHHP30665400671103,Skolgatan 39,90651,Umeå
Joline Gren,0703693294,930305-9506,SE8902SUFL84984390436207,Nygatan 919,69667,Sundsvall
Joline Gren,0703693294,930305-9506,SE8902FBRS06307972224493,Nygatan 919,69667,Sundsvall
Rose-Marie Westerberg-Landström,0824494201,500523-1906,SE8902UTKC76119475507073,Kyrkogatan 479,64519,Jönköping
Marie Johannesson-Högberg,084602459,901114-1687,SE8902ZPHS02086856755015,Parkgatan 598,49344,Helsingborg
Marie Johannesson-Högberg,084602459,901114-1687,SE8902PVDU32397262267370,Parkgatan 598,49344,Helsingborg
Kristina Lindkvist Månsson,042148834,610503-2723,SE8902FKXG94756014478535,Åkervägen 42,84380,Lidköping
Ingegerd Hansson-Pettersson,028762061,010111-4825,SE8902BWOT03489901672599,Industristigen 20,62721,Göteborg
Ingegerd Hansson-Pettersson,028762061,010111-4825,SE8902ASFC38684084271407,Industristigen 20,62721,Göteborg
Ingegerd Hansson-Pettersson,028762061,010111-4825,SE8902ASTS23624054451805,Industristigen 20,62721,Göteborg
Margaretha Nielsen,046413150,860116-5080,SE8902CUNN22125220865735,Kyrkogränd 07,18553,Skövde
Margaretha Nielsen,046413150,860116-5080,SE8902RZVW68005461246316,Kyrkogränd 07,18553,Skövde
Inger Andersson,038427754,421004-0905,SE8902FZYK87978190387699,Industrivägen 03,73577,Östersund
Anita Ottosson,078249589,650727-5763,SE8902QUFJ50463670043368,Stortorget 361,32409,Motala
Margareta Sandström,063254305,661005-6548,SE8902RPRH48981618994827,Furuvägen 3,59407,Södertälje
Margareta Sandström,063254305,661005-6548,SE8902WYUG92028275995927,Furuvägen 3,59407,Södertälje
Margareta Sandström,063254305,661005-6548,SE8902LCFU45262185232485,Furuvägen 3,59407,Södertälje
Caroline Mohamed Johansson,0281990564,501225-9973,SE8902YRJE25577068372391,Kvarnstigen 28,89507,Helsingborg
Caroline Mohamed Johansson,0281990564,501225-9973,SE8902ZQSR31963404580039,Kvarnstigen 28,89507,Helsingborg
Caroline Mohamed Johansson,0281990564,501225-9973,SE8902SJVO55654185313291,Kvarnstigen 28,89507,Helsingborg
Mary Ahlström,048623662,630220-1436,SE8902PZCI77761871178523,Skogsstigen 6,10993,Malmö
Mary Ahlström,048623662,630220-1436,SE8902TDQR72645888062798,Skogsstigen 6,10993,Malmö
Anna Olsson-Johansson,032061821,580816-4684,SE8902NNNO44225102810397,Parktorget 6,28398,Kristianstad
Carin Hagberg Palmgren,068693271,700921-3088,SE8902EGRU04525904634974,Fabriksgatan 346,21128,Ängelholm
Birgitta Brandt,0297155342,691125-3695,SE8902AAOA59642017060227,Bäckgatan 988,18653,Karlskoga
Moa Fredriksson-Bäck,0781494291,871118-1928,SE8902YSLL26649994554341,Björkgatan 8,58714,Malmö
Terese Rosengren,003485287,710507-3238,SE8902JONV09925711868012,Skoltorget 49,41265,Mölndal
Terese Rosengren,003485287,710507-3238,SE8902FOXC84791598609467,Skoltorget 49,41265,Mölndal
Elisabeth Jansson,000003387,351129-4161,SE8902GREW10972860106946,Aspgränd 5,20824,Borås
Marie Edström,08136498,800426-6428,SE8902GBGP44172108348620,Kyrkvägen 7,21342,Halmstad
Jane Ek,035272392,870720-1813,SE8902AJSV94182461717656,Åkergatan 9,35419,Karlskrona
Jane Ek,035272392,870720-1813,SE8902IKUU90169881819014,Åkergatan 9,35419,Karlskrona
Maria Blom,087608296,991106-3973,SE8902ZDZF35824709915348,Björkvägen 7,81265,Stockholm
Maria Blom,087608296,991106-3973,SE8902PFYI37989903515742,Björkvägen 7,81265,Stockholm
Maria Blom,087608296,991106-3973,SE8902VABD28433519743158,Björkvägen 7,81265,Stockholm
Pernilla Engström,004470477,560513-7834,SE8902LNMM65005427787530,Nyvägen 5,57859,Lidingö
Pernilla Engström,004470477,560513-7834,SE8902TVXK53170573534289,Nyvägen 5,57859,Lidingö
Marie Isaksson,0583955742,770716-1829,SE8902UUTG33531545423098,Industristigen 239,91185,Ängelholm
Marie Isaksson,0583955742,770716-1829,SE8902TGSS63115928762234,Industristigen 239,91185,Ängelholm
Marie Isaksson,0583955742,770716-1829,SE8902ENZW25848870664611,Industristigen 239,91185,Ängelholm
Marie Isaksson,0583955742,770716-1829,SE8902KVOL90407760349687,Industristigen 239,91185,Ängelholm
Ulla Eriksson,0819476372,420515-5866,SE8902GXQE70403294190338,Parkstigen 293,82253,Borås
Ulla Eriksson,0819476372,420515-5866,SE8902TSIH97788635751412,Parkstigen 293,82253,Borås
Pia Sjöstedt,0925475487,630711-4477,SE8902TXWD68698852887733,Backstigen 518,84815,Växjö
Pia Sjöstedt,0925475487,630711-4477,SE8902YWZE35031868738690,Backstigen 518,84815,Växjö
Katarina Karlsson-Lindgren,052593293,461117-4469,SE8902TTRQ67764510281897,Stationsgatan 59,14270,Kristianstad
Katarina Karlsson-Lindgren,052593293,461117-4469,SE8902QILJ09667839424264,Stationsgatan 59,14270,Kristianstad
Elisabet Falk,0193487971,581122-2255,SE8902GBSN65881879746261,Storvägen 0,63947,Norrköping
Inger Björklund,0825973320,860227-5433,SE8902SYOK34574595890962,Skolgatan 955,55623,Uppsala
Johanna Isaksson,0325961340,580504-0457,SE8902TGDM09742731733206,Strandvägen 5,84091,Lidingö
Carina Hedman,080364128,380415-5368,SE8902RUPP97970833512919,Industrigatan 982,52783,Malmö
Karolina Karlsson-Backman,021599260,430221-9953,SE8902FITK67729451632648,Gentorget 5,30659,Karlstad
Karolina Karlsson-Backman,021599260,430221-9953,SE8902YARE38911515845364,Gentorget 5,30659,Karlstad
Lisa Hassan,034351616,750620-1875,SE8902ZEJN42200086959831,Bäckgränd 4,29666,Jönköping
Nova Andersson,011519850,920507-6327,SE8902VBPS31468933549596,Furustigen 93,16339,Växjö
Nova Andersson,011519850,920507-6327,SE8902DORF63489542240166,Furustigen 93,16339,Växjö
Johanna Rydén-Ericson,076922975,510619-2601,SE8902RLXE45562764852432,Strandgränd 813,39744,Landskrona
Kerstin Persson,087265050,780628-1619,SE8902XZAS22158117574887,Ringgatan 475,12585,Helsingborg
Kerstin Persson,087265050,780628-1619,SE8902ARJI52424267786590,Ringgatan 475,12585,Helsingborg
Filippa Hallberg,08054291,460327-4996,SE8902PZDL59107473276443,Nygatan 513,22695,Örebro
Filippa Hallberg,08054291,460327-4996,SE8902PEZC68306534625963,Nygatan 513,22695,Örebro
Maj Hammar,089872910,380222-3051,SE8902PDPB59162046614533,Furuvägen 576,49096,Västerås
Maj Hammar,089872910,380222-3051,SE8902GYOM68592348894619,Furuvägen 576,49096,Västerås
Kristina Andreasson Larsson,08544424,381123-2937,SE8902ZBRA01455414601958,Industrivägen 8,86480,Norrköping
Helene Englund,036141741,420409-4124,SE8902QZNU18414720978758,Nyvägen 1,20687,Västerås
Klara Robertsson,0896072145,480314-7307,SE8902FXEO42999261877496,Ängstorget 866,51673,Sundsvall
Klara Robertsson,0896072145,480314-7307,SE8902YFAI41572077231677,Ängstorget 866,51673,Sundsvall
Klara Robertsson,0896072145,480314-7307,SE8902VUUX56420531096812,Ängstorget 866,51673,Sundsvall
Jenny Vikström,0693876760,851104-3807,SE8902TEYP63912424658963,Industrigränd 99,58953,Uppsala
Ebba Svanberg,08125620,720217-9342,SE8902JPEZ29549435970218,Industrigatan 129,55528,Trollhättan
