transaction_id,timestamp,amount,currency,sender_account,receiver_account,sender_country,sender_municipality,receiver_country,receiver_municipality,transaction_type,notes,amount_sek,hour,date,sender_pnr,receiver_pnr,currency_risk
f05eaab6-7a98-4d46-a020-45e8e1409e58,2025-04-15 16:57:00,41839.42,ZMW,GB42QTTR07621951221751,SE8902FOBI10005828618756,Zambia,Francescaport,Sweden,Trelleborg,incoming,Online purchase,14995.25,16,2025-04-15,,390309-7446,High
0511f0f8-58db-4d7c-aba9-587fddf3c67c,2025-05-17 16:03:00,20652.99,ZAR,GB38JUGJ63276092779398,SE8902XWUV40935991476872,South Africa,New Craigton,Sweden,Nyköping,outgoing,,11962.21,16,2025-05-17,,600918-0651,High
dcf17045-a4d4-430c-8c5b-fd9cdcdfa27d,2025-01-08 20:37:00,17248.16,ZMW,GB80NWUS06322321309531,SE8902YBUM91649266178467,Zambia,Elliemouth,Sweden,Gävle,outgoing,Salary payment,6181.74,20,2025-01-08,,730524-7251,High
329ccd73-eefa-44aa-bbe5-50bb7b300398,2025-03-19 17:25:00,25272.64,ZMW,GB68LJCV31691149334671,SE8902VWKO20169767635100,Zambia,Clarkview,Sweden,Norrköping,outgoing,Insurance payout,9057.71,17,2025-03-19,,580424-2880,High
370ebdf7-8482-4190-b1fe-e16cd5d64de7,2025-01-05 05:16:00,28192.47,ZMW,GB52PXOH81059438551311,SE8902VJUZ52218371196993,Zambia,Graemeville,Sweden,Göteborg,incoming,Reimbursement for travel,10104.18,5,2025-01-05,,870302-7774,High
9fca9229-e1b2-4db4-be0a-6fb18fe91910,2025-05-04 04:40:00,24662.12,RMB,GB21RGSF26047710313683,SE8902OVSC20334070794606,China,合肥县,Sweden,Borlänge,outgoing,Reimbursement for travel,35434.53,4,2025-05-04,,010921-4098,High
13644261-095f-48dd-b4de-e6bac17a8d3e,2025-04-15 14:12:00,27123.17,RMB,GB40SARN58167009029188,SE8902QLUT99208994499946,Myanmar,South Margaret,Sweden,Sundsvall,outgoing,Consulting fee,38970.57,14,2025-04-15,,711020-3960,High
8add0efd-e516-4eb4-be3c-b1fb9c8513c5,2025-03-15 10:18:00,34969.1,RMB,GB81WPUB16516308301598,SE8902XVJQ62588665096343,Myanmar,West Sophie,Sweden,Örnsköldsvik,outgoing,,50243.6,10,2025-03-15,,570120-3019,High
23c6c191-26f4-4c88-af85-a323063c7431,2025-03-02 00:45:00,44544.9,ZMW,GB86FVEX16733318116301,SE8902OSQP10294973862487,Zambia,North Leslie,Sweden,Eskilstuna,incoming,Gift to family member,15964.89,0,2025-03-02,,400928-6537,High
8e447617-09f2-4077-a08b-ff0e1c83b394,2025-01-02 22:56:00,19725.48,ZAR,GB69VDBV44938264975661,SE8902NQVT00867426002134,South Africa,East Elliott,Sweden,Karlstad,outgoing,Payment for invoice #7269,11425.0,22,2025-01-02,,810825-2753,High
3ce29d63-c9f4-4b7a-a5a4-1adc9826b7d5,2025-02-15 10:05:00,30451.35,ZAR,GB59QYPZ94567902190630,SE8902EYGF77551822415743,South Africa,Powellview,Sweden,Eskilstuna,incoming,Reimbursement for travel,17637.42,10,2025-02-15,,380518-3252,High
8e69cd1e-21cd-47cb-82f8-34b00258f18a,2025-01-05 16:44:00,11323.22,ZAR,GB96ADGM66167226523059,SE8902SEYF48760878274175,South Africa,North Mohamed,Sweden,Falun,incoming,Gift to family member,6558.41,16,2025-01-05,,360222-0778,High
13fae5c3-879c-4db5-a017-303d16113870,2025-04-09 18:54:00,45365.68,RMB,GB90PYOQ07783814001595,SE8902JXNJ08943900596647,Myanmar,Lake Phillipfort,Sweden,Jönköping,outgoing,Salary payment,65181.41,18,2025-04-09,,981014-7646,High
5ebad2aa-9002-43d3-9737-3e0240bc82ed,2025-05-12 12:04:00,34772.27,RMB,GB37VSNU77487347261743,SE8902FSHA42297476809642,China,通辽市,Sweden,Jönköping,incoming,Utility bill,49960.8,12,2025-05-12,,521117-6978,High
c61116dc-7b67-4663-9c0e-564280ade39f,2025-04-26 00:59:00,25773.09,RMB,GB16ICUN00210610377201,SE8902BWXT39949824641151,Myanmar,Traceyport,Sweden,Växjö,outgoing,Online purchase,37030.78,0,2025-04-26,,970509-1354,High
a7c82010-dded-473e-9ad6-b95923a96836,2025-01-24 07:41:00,20776.03,RMB,GB38HTEJ97765068986440,SE8902CRWQ10550122839130,Myanmar,Danielfurt,Sweden,Kalmar,incoming,Loan repayment,29851.0,7,2025-01-24,,980122-7878,High
55b95a0d-132a-4af4-b458-ffdfb0c98f66,2025-01-04 04:38:00,25180.74,ZAR,GB13FKXG95123888384042,SE8902SPLV55493875690484,South Africa,Port Gemmatown,Sweden,Trelleborg,incoming,Mobile recharge,14584.68,4,2025-01-04,,740122-1705,High
b4498193-d7d3-4d77-a349-1dcc15a9df33,2025-01-17 16:11:00,24429.63,ZAR,GB13OVCL33737579371585,SE8902QIDW01871973556269,South Africa,Gardnerfort,Sweden,Linköping,outgoing,Rent transfer,14149.64,16,2025-01-17,,941120-4879,High
ee0c306b-a923-4505-b34c-4796d3dcf27a,2025-01-12 17:20:00,33354.95,ZMW,GB07DLMR23144928873052,SE8902FPRI18674591891178,Zambia,Barbaraville,Sweden,Luleå,outgoing,Insurance payout,11954.41,17,2025-01-12,,861208-3793,High
9a917b5b-e7de-4927-b3c9-720c70000937,2025-03-28 19:57:00,47053.57,RMB,GB68ZHSS44335284568947,SE8902CHPG90425118808478,China,石家庄县,Sweden,Norrköping,incoming,Loan repayment,67606.57,19,2025-03-28,,441022-8888,High
a3ca49cc-9f8d-4dcc-8102-b868aa8db2d9,2025-02-25 20:16:00,48938.36,RMB,GB52ENZR02501734743891,SE8902QOLP68576231602784,Myanmar,North Carlymouth,Sweden,Lidingö,outgoing,Utility bill,70314.64,20,2025-02-25,,640122-9411,High
852338c9-77ec-4a3c-8676-4b6799e3552d,2025-03-27 11:05:00,49564.16,ZMW,GB87HALP17837833343781,SE8902VJHZ33855900402507,Zambia,Leahtown,Sweden,Borås,outgoing,Loan repayment,17763.79,11,2025-03-27,,411210-1656,High
55a6b9a9-a87f-47ef-9f8d-f93b275ec094,2025-02-18 17:19:00,33442.65,ZMW,GB59CWSZ08891120570568,SE8902IXLN09147641003463,Zambia,Smithshire,Sweden,Ängelholm,incoming,Loan repayment,11985.85,17,2025-02-18,,060925-9098,High
fdaa4fa3-9332-459e-90ed-c51032d76813,2025-02-01 12:59:00,4765.81,RMB,GB19FBYV58019067197643,SE8902ALFN61867186946491,China,大冶县,Sweden,Landskrona,incoming,Payment for invoice #5839,6847.52,12,2025-02-01,,560806-9745,High
4d9948d6-fcf1-412c-a3d9-2cb210f26f31,2025-04-12 06:43:00,7725.99,ZAR,GB10OSAN22771672403436,SE8902BIRC46206283725522,South Africa,Emilyville,Sweden,Lidköping,incoming,Rent transfer,4474.89,6,2025-04-12,,040413-9156,High
e6ea319d-ed8b-4446-b7ff-03ea9a1a55c7,2025-01-10 03:09:00,18995.21,RMB,GB86ZWUU11984014230146,SE8902UNVY51069080799808,China,玉梅市,Sweden,Uppsala,outgoing,Salary payment,27292.32,3,2025-01-10,,921206-6980,High
0999f45b-7817-46c9-835e-ebdcda86a826,2025-03-21 01:49:00,10391.47,ZAR,GB91OJIR06279344763008,SE8902OVSC20334070794606,South Africa,Grahamfort,Sweden,Kristianstad,incoming,Loan repayment,6018.74,1,2025-03-21,,010921-4098,High
46bb4e92-f0dc-49b0-af87-eef84cb0eec3,2025-04-14 05:02:00,31242.52,RMB,GB20QKHI60250911928569,SE8902WFUC02168045258799,China,南昌市,Sweden,Falun,outgoing,Gift to family member,44889.25,5,2025-04-14,,670428-7017,High
6ff6d879-844f-4e01-9faa-a7a7c95cd653,2025-03-18 04:26:00,44152.96,ZMW,GB33VSPX50162097908854,SE8902OWWY66208651137307,Zambia,Stevenborough,Sweden,Piteå,outgoing,,15824.42,4,2025-03-18,,810311-0196,High
44cf244f-0c69-469b-abda-32bc47fd25eb,2025-04-09 13:33:00,35413.21,RMB,GB66IYVN67027804106523,SE8902FADN38705986955694,Myanmar,Wattshaven,Sweden,Uppsala,incoming,Loan repayment,50881.7,13,2025-04-09,,691224-2689,High
a1c6d845-d44e-42db-9c12-db3452b0690a,2025-02-24 03:38:00,35837.63,RMB,GB06JHWY55009737499904,SE8902UAZW13872369602420,China,冬梅市,Sweden,Linköping,outgoing,Online purchase,51491.51,3,2025-02-24,,800327-1791,High
033431dc-414a-4736-bbfe-d46ef322f611,2025-04-24 00:22:00,44123.33,RMB,GB84SAFT43021825471314,SE8902CRWQ10550122839130,China,拉萨市,Sweden,Luleå,outgoing,Salary payment,63396.4,0,2025-04-24,,980122-7878,High
8f496c17-9aad-4990-8358-cef2437fcc74,2025-03-31 01:12:00,48238.8,ZAR,GB03QKUC30850917614154,SE8902DGXX88147139459340,South Africa,Bethanybury,Sweden,Kristianstad,outgoing,,27939.91,1,2025-03-31,,990720-2171,High
32f58136-21e5-42f6-9e1a-76ef7e98b54d,2025-05-02 07:03:00,43155.98,RMB,GB56FTCK24658186986555,SE8902EJYN15169896233918,China,凯市,Sweden,Trollhättan,incoming,Subscription fee,62006.51,7,2025-05-02,,420602-4558,High
0e4098a2-27bd-4840-b885-95164e6ca5cf,2025-01-08 00:27:00,5629.43,ZMW,GB51ELSM36188975374159,SE8902DSLW17149818922650,Zambia,Port Jadehaven,Sweden,Östersund,incoming,Utility bill,2017.59,0,2025-01-08,,951215-6036,High
2e736344-1817-4a5b-8b9b-8be595f037e8,2025-01-21 00:51:00,22845.08,RMB,GB55LTXA24706504053160,SE8902PTAF77843993668616,Myanmar,Hillberg,Sweden,Eskilstuna,outgoing,Payment for invoice #3700,32823.81,0,2025-01-21,,680714-5492,High
62443b53-ebbf-44dd-acee-217e92c238d8,2025-01-19 16:59:00,5844.54,ZAR,GB52RJVV46327265883291,SE8902TDQR72645888062798,South Africa,West Lesleyhaven,Sweden,Karlskoga,incoming,Subscription fee,3385.16,16,2025-01-19,,630220-1436,High
2b27a8ae-91a4-428a-ad8e-76249a9645d1,2025-04-26 15:02:00,13622.91,ZAR,GB67LWQZ32590394152487,SE8902BIRC46206283725522,South Africa,East Bernard,Sweden,Västerås,incoming,Reimbursement for travel,7890.39,15,2025-04-26,,040413-9156,High
55819c43-650d-4e26-9f8c-67ef78c96eee,2025-02-22 07:54:00,7798.89,RMB,GB40QUGD14931675960694,SE8902IFOG47846578093385,China,辽阳县,Sweden,Malmö,incoming,Tax refund,11205.45,7,2025-02-22,,851027-1458,High
190a955d-df55-4db9-b7fc-f671d9c94c1e,2025-03-02 01:52:00,4943.07,ZAR,GB12PQYE58068802657184,SE8902SIKL89762687070372,South Africa,Yvonnemouth,Sweden,Västerås,incoming,Consulting fee,2863.03,1,2025-03-02,,390106-8696,High
1ecbb381-e5ef-4e1b-87f1-6152f5e25fbd,2025-03-28 21:45:00,49136.04,ZAR,GB35FTZR39731053349272,SE8902XAJW53043482546967,South Africa,East Jeffrey,Sweden,Västerås,outgoing,Mobile recharge,28459.59,21,2025-03-28,,501222-6584,High
fc3e3228-8732-4a55-b35b-b9587614750b,2025-01-20 21:13:00,6390.83,RMB,GB90LOEF94367395004135,SE8902KQTT53706765844553,Myanmar,New Danielleberg,Sweden,Växjö,incoming,Payment for invoice #2933,9182.34,21,2025-01-20,,760413-8730,High
b1b52521-5be3-4442-8def-2b5f38cff576,2025-04-01 21:58:00,44756.07,RMB,GB61EOGO34136516985937,SE8902CKLN78195298715336,China,云市,Sweden,Helsingborg,outgoing,Online purchase,64305.52,21,2025-04-01,,460425-7487,High
5bfa9578-ee9e-4307-a0d5-fce40c756394,2025-01-23 17:26:00,46243.26,ZMW,GB90GGDP91659246113158,SE8902JFLG01724285840236,Zambia,Knightville,Sweden,Kristianstad,outgoing,Rent transfer,16573.58,17,2025-01-23,,710111-6791,High
8250f876-6d1b-4d74-a31a-7c74e40f9f8f,2025-01-21 06:25:00,31275.18,RMB,GB31XSPL72207021667660,SE8902RWQU01903466709841,China,呼和浩特市,Sweden,Piteå,outgoing,Utility bill,44936.18,6,2025-01-21,,070302-0982,High
dfd3e6b9-f709-4360-bda3-69ef1e5388d8,2025-01-05 07:20:00,2401.78,RMB,GB11TAEI44644240216630,SE8902WSHS28438837480311,Myanmar,Evanschester,Sweden,Malmö,incoming,Rent transfer,3450.88,7,2025-01-05,,680414-8994,High
fd48a451-1773-4e12-ac0d-b2a0d711286e,2025-05-13 14:51:00,1906.1,RMB,GB48DTPT33251658669889,SE8902SVTA51705365680131,Myanmar,Lynnfort,Sweden,Nyköping,outgoing,Online purchase,2738.68,14,2025-05-13,,051024-2373,High
b883dec0-70a5-45db-8c9e-8b2927c48a21,2025-05-07 02:33:00,25221.5,ZAR,GB42FFKB60251393260484,SE8902YWQH50779746486712,South Africa,North Shane,Sweden,Uppsala,incoming,Consulting fee,14608.29,2,2025-05-07,,390202-9028,High
51db701e-ccab-4cb7-9fa3-5b89dba45639,2025-02-15 15:20:00,15516.07,RMB,GB12ZSUL17758854966631,SE8902JQHT00463203687003,China,西宁市,Sweden,Ängelholm,incoming,Reimbursement for travel,22293.49,15,2025-02-15,,680912-5039,High
1cd4dadd-ffc7-4a6e-9ee7-3e02a1d56182,2025-05-03 16:07:00,14840.32,ZAR,GB71ZBAM25251407164722,SE8902WDCF38284869757417,South Africa,Port Beverley,Sweden,Lidköping,outgoing,Reimbursement for travel,8595.51,16,2025-05-03,,700411-6757,High
b78634f4-31b9-45f3-8a27-2b0750779603,2025-01-18 21:39:00,13835.74,RMB,GB78HASO68525915262591,SE8902JFQL02168511886094,China,重庆市,Sweden,Ängelholm,incoming,Salary payment,19879.19,21,2025-01-18,,890713-4053,High
791f7e09-8782-44af-8329-e8480c417c7d,2025-01-14 21:15:00,20973.88,ZAR,GB24UVLQ33971423390632,SE8902KVSV81092256666408,South Africa,Taylorview,Sweden,Kristianstad,incoming,Loan repayment,12148.07,21,2025-01-14,,800306-5847,High
0023e261-e873-490a-9119-386163aaa93b,2025-03-09 15:24:00,35980.57,RMB,GB57XVZA21137557484007,SE8902SVNA09488395571575,China,辉市,Sweden,Karlstad,outgoing,Payment for invoice #2922,51696.88,15,2025-03-09,,570307-0606,High
85a87ef1-a9ca-4892-91af-89df07a4b28a,2025-02-11 21:09:00,518.76,ZMW,GB70CZLH20762053908826,SE8902PEZC68306534625963,Zambia,Christineside,Sweden,Alingsås,incoming,Salary payment,185.92,21,2025-02-11,,460327-4996,High
19bd8bca-86e3-4f9b-8c3d-266b05aef556,2025-04-14 11:45:00,3358.27,ZMW,GB20OKOZ47007701623220,SE8902SPLV55493875690484,Zambia,Damianburgh,Sweden,Mölndal,incoming,Payment for invoice #9226,1203.6,11,2025-04-14,,740122-1705,High
8cbd2399-0ae3-4735-96f7-b28d11539cac,2025-03-22 10:55:00,46131.49,ZMW,GB07KMCY71310848176177,SE8902MPWG51569045484865,Zambia,Connorbury,Sweden,Sandviken,outgoing,Mobile recharge,16533.53,10,2025-03-22,,601224-4346,High
375cf088-e575-4eb8-8412-5ba2c0cc9694,2025-01-12 20:08:00,45076.88,ZAR,GB79PKOZ00133690319457,SE8902KWGC09517167288801,South Africa,East Hazelshire,Sweden,Norrköping,incoming,,26108.53,20,2025-01-12,,550214-0477,High
fbd7425c-c0af-4ee8-bd92-2e450004c86d,2025-02-06 10:15:00,10466.57,RMB,GB30EJHP21685146715250,SE8902TJON16189488376725,China,海门县,Sweden,Uppsala,incoming,Payment for invoice #1316,15038.37,10,2025-02-06,,880721-1449,High
20cb30af-8901-429b-b0a9-3da13dc133c8,2025-02-06 05:01:00,33084.74,ZMW,GB14GLDG64524972790954,SE8902CGGR69488718084568,Zambia,Lake Beth,Sweden,Motala,incoming,Consulting fee,11857.57,5,2025-02-06,,450531-4726,High
5df93459-f0b5-4693-9152-291e965c8aa6,2025-03-16 07:40:00,17858.71,RMB,GB86KNQC53013346770846,SE8902WOXH43586674611980,China,荆门县,Sweden,Luleå,incoming,Utility bill,25659.39,7,2025-03-16,,940521-7903,High
96036a35-badf-4785-97d5-98bcd5ce9484,2025-03-28 04:24:00,35833.43,RMB,GB34RYSX81601311611256,SE8902XWOG93876385265449,Myanmar,New Henry,Sweden,Södertälje,outgoing,Gift to family member,51485.47,4,2025-03-28,,051024-2373,High
27a3526f-2d21-4817-9a91-7d69e7fd342f,2025-03-20 01:36:00,16343.05,ZAR,GB86NYDT05291958121491,SE8902RUPP97970833512919,South Africa,Bernardbury,Sweden,Lidingö,incoming,Tax refund,9465.89,1,2025-03-20,,380415-5368,High
2b241a64-468b-4025-b848-7576eb8b364a,2025-05-04 17:06:00,6705.52,RMB,GB29JELF85978792561157,SE8902STMW83870980133580,Myanmar,West Judith,Sweden,Alingsås,outgoing,Rent transfer,9634.49,17,2025-05-04,,670709-7199,High
b467afab-80da-4da2-87f0-49b47907d120,2025-04-08 05:45:00,37875.24,ZMW,GB84NDUE01265382717117,SE8902BNCT48612177889839,Zambia,Ryanshire,Sweden,Uppsala,outgoing,Salary payment,13574.49,5,2025-04-08,,670116-8301,High
0a14b4f0-73f4-4806-82bc-3cec2c48d61b,2025-04-18 13:32:00,44680.87,ZAR,GB59RJJG73960689579172,SE8902PGCD42349227810447,South Africa,Collinsbury,Sweden,Lidköping,outgoing,,25879.16,13,2025-04-18,,050501-4027,High
2ce52501-9dfd-499f-bc8d-4f678a613d0c,2025-04-20 02:29:00,8589.38,ZAR,GB76VEVL32766812105222,SE8902YBWC04395871663306,South Africa,Wilkinsonburgh,Sweden,Örnsköldsvik,incoming,Consulting fee,4974.97,2,2025-04-20,,010404-6354,High
98cd4ff3-7869-47e0-8bd7-4c34cd07d2e0,2025-03-02 14:05:00,11335.81,RMB,GB67HFPV84639106507567,SE8902DOFI01208990186376,China,楠市,Sweden,Jönköping,incoming,Loan repayment,16287.29,14,2025-03-02,,401110-9719,High
60e7e2ce-0ed9-4b65-9047-48f496c616ea,2025-02-17 09:38:00,35000.35,ZMW,GB52BDSY03751892365878,SE8902SUPU22107368286746,Zambia,East Charlotte,Sweden,Norrköping,outgoing,,12544.13,9,2025-02-17,,410404-6919,High
e75d81d8-7b9d-43b2-a615-6e059bf5c69a,2025-04-08 06:13:00,8031.35,ZAR,GB98VKDB23376305538118,SE8902OVSC20334070794606,South Africa,Lindastad,Sweden,Karlskrona,incoming,Insurance payout,4651.76,6,2025-04-08,,010921-4098,High
e8bfa573-cb09-479b-b8ac-2c5adf065395,2025-04-18 18:58:00,38371.17,ZMW,GB38OKUT20064589378316,SE8902YZWZ87858217066053,Zambia,Lake Alexandrashire,Sweden,Halmstad,outgoing,Insurance payout,13752.23,18,2025-04-18,,660925-8436,High
c0997cf4-65c0-4d2e-8c94-dbe916db674c,2025-01-23 04:48:00,11420.38,RMB,GB28GAAF22694813480969,SE8902PQAY31420284375015,Myanmar,West Hannahberg,Sweden,Falun,outgoing,,16408.8,4,2025-01-23,,720302-4638,High
c9208ade-d3f3-43cb-8eb8-9dbdbbdd838d,2025-04-19 22:40:00,8201.52,ZMW,GB89YBEO46913856203805,SE8902ZJLO95363862694613,Zambia,North Brucebury,Sweden,Landskrona,incoming,Rent transfer,2939.42,22,2025-04-19,,681010-5228,High
9eb3a910-25a3-4344-b4a8-17af7a0b447e,2025-04-20 11:40:00,14985.06,RMB,GB14HBAU31704965748328,SE8902AQCO44387324377348,Myanmar,Marilynmouth,Sweden,Kalmar,outgoing,Tax refund,21530.53,11,2025-04-20,,540614-9160,High
92cfa72f-00f8-4c0b-9128-275ccb8b9fcd,2025-01-06 17:40:00,2121.45,RMB,GB65NRCK25808956930850,SE8902PGNT42361129672323,Myanmar,North Fredericktown,Sweden,Göteborg,outgoing,Payment for invoice #5332,3048.1,17,2025-01-06,,650630-0398,High
6281b207-7f4d-486d-bcfd-0b76ae77ef8d,2025-05-04 08:45:00,38941.16,ZMW,GB32VUMX95895716638403,SE8902SUFL84984390436207,Zambia,Lake Pamelafort,Sweden,Västerås,incoming,Subscription fee,13956.51,8,2025-05-04,,930305-9506,High
dccf3f43-da51-4bf5-9c47-77b9f6b4f9f8,2025-01-11 10:56:00,33980.37,RMB,GB61AIJF86142750914106,SE8902ENMF86033537014424,China,沈阳市,Sweden,Karlskoga,incoming,,48823.0,10,2025-01-11,,360220-5001,High
3580254f-b3be-4dc4-82a3-8e03de7cf09e,2025-01-16 13:53:00,24017.66,RMB,GB52OAKG67988797492201,SE8902JPEZ29549435970218,China,桂英县,Sweden,Västerås,incoming,Reimbursement for travel,34508.57,13,2025-01-16,,720217-9342,High
df4dd497-787b-4c8d-92cd-a1cec078fb59,2025-02-01 15:03:00,22824.74,ZMW,GB42CDGF75404387230586,SE8902RMGJ56941789044857,Zambia,North Stewartberg,Sweden,Varberg,incoming,Mobile recharge,8180.39,15,2025-02-01,,460405-5261,High
82108881-adbc-49a0-9aa7-b2d46d644af3,2025-04-19 12:00:00,46438.3,ZAR,GB50TUEW20494593651428,SE8902OKGM15362718359701,South Africa,Hazelshire,Sweden,Landskrona,incoming,Loan repayment,26897.06,12,2025-04-19,,771019-7539,High
b5c597c0-c841-4b01-a57e-08c191ee07d5,2025-04-22 04:15:00,21431.39,ZAR,GB46KGED40736115338861,SE8902DGRO18476288845448,South Africa,Dunnview,Sweden,Karlskrona,incoming,Utility bill,12413.06,4,2025-04-22,,001015-8624,High
29cc8b71-cf39-475e-81b6-3899924e8e9d,2025-03-18 00:21:00,45069.92,RMB,GB78BFCC98838948917084,SE8902CUOA55859966187343,Myanmar,West Ashleighhaven,Sweden,Umeå,outgoing,Rent transfer,64756.46,0,2025-03-18,,920623-5336,High
6e4bd803-9f18-4bfd-ada0-1972dd438a17,2025-04-13 08:06:00,19860.64,ZMW,GB31LLYF79075931144572,SE8902EHQT53687871208531,Zambia,Jasonhaven,Sweden,Sundsvall,outgoing,Mobile recharge,7118.05,8,2025-04-13,,390706-5712,High
f4d6ce79-b2be-4ee6-a562-4183a54545c2,2025-03-24 04:40:00,13528.45,RMB,GB50IVYM53864745897423,SE8902IETM52089049623113,Myanmar,Lake Shaneborough,Sweden,Motala,outgoing,Rent transfer,19437.68,4,2025-03-24,,440217-6293,High
9000f6aa-15d3-4e31-9524-d8af073d6684,2025-02-12 14:09:00,8517.29,RMB,GB75LENR12552945418517,SE8902EYGF77551822415743,China,兰州县,Sweden,Varberg,outgoing,Payment for invoice #3213,12237.64,14,2025-02-12,,380518-3252,High
2485f9e0-3d1b-4ba2-ab98-30e19438a566,2025-02-23 13:48:00,16073.15,ZAR,GB14YZMY32879734211411,SE8902LXEY88372509516456,South Africa,Gerardview,Sweden,Göteborg,incoming,Loan repayment,9309.57,13,2025-02-23,,570120-3019,High
be4465b8-bb52-4333-a4e4-0c1a9e4d8428,2025-02-28 02:20:00,2529.42,RMB,GB80KTVB60730291078881,SE8902KEUK66106098793775,Myanmar,Whiteville,Sweden,Borås,incoming,Freelance project payment,3634.27,2,2025-02-28,,540522-6134,High
d9b60061-1075-4b07-b5d8-808293b70729,2025-03-26 11:41:00,8141.91,ZAR,GB46IGOP55518408295956,SE8902YFNV15788568473424,South Africa,Joannemouth,Sweden,Nyköping,outgoing,Payment for invoice #6933,4715.79,11,2025-03-26,,690226-7522,High
902209e8-d518-4435-ac7d-28d2117bf62c,2025-01-03 17:11:00,35545.64,ZAR,GB93RLQF39689194337567,SE8902POYE56306553396402,South Africa,South Stephaniemouth,Sweden,Mölndal,incoming,Mobile recharge,20588.03,17,2025-01-03,,860309-0559,High
c239691e-a36c-4db3-a0e1-fdcfce8d1855,2025-02-04 13:54:00,558.58,ZAR,GB73VLTC52229159465675,SE8902JIRN62314882418604,South Africa,Byrnemouth,Sweden,Örebro,outgoing,Freelance project payment,323.53,13,2025-02-04,,421205-9713,High
9ad135bf-3437-470e-9907-593e102374d5,2025-02-04 04:36:00,33340.29,ZMW,GB96IQRJ48289944031106,SE8902PQAY31420284375015,Zambia,Robinsonton,Sweden,Lidingö,incoming,Salary payment,11949.16,4,2025-02-04,,720302-4638,High
7a90f4bf-1eac-442c-9d74-aa4305bf5793,2025-05-18 07:37:00,3454.8,RMB,GB52ZBWD68855743941787,SE8902EVCJ18582465780769,Myanmar,West Anne,Sweden,Lidingö,outgoing,Subscription fee,4963.86,7,2025-05-18,,900522-5926,High
50a13926-9a80-4d99-ba29-0baf4c686926,2025-02-24 04:06:00,10339.14,ZMW,GB17AXAK16721986481861,SE8902OGIV86383792142837,Zambia,Jamesborough,Sweden,Alingsås,outgoing,Utility bill,3705.55,4,2025-02-24,,391117-9285,High
d75603e6-4641-4607-941c-4ea0e786d108,2025-02-12 15:32:00,27800.42,ZMW,GB25BGWL61523284807137,SE8902NWBH42139231276122,Zambia,Mollyview,Sweden,Södertälje,outgoing,Freelance project payment,9963.67,15,2025-02-12,,940210-9509,High
8cc0238c-3521-4654-b289-1e2cdbe4c70e,2025-05-02 18:33:00,100.67,ZMW,GB08FGMA68782544343068,SE8902PVMT99502269929745,Zambia,Annashire,Sweden,Kristianstad,outgoing,,36.08,18,2025-05-02,,780906-7700,High
3bd518d1-aaa3-443d-8474-aa7f158a3ddd,2025-02-17 05:13:00,43960.94,RMB,GB12NHEN74649937452723,SE8902XPHP30865499209335,Myanmar,Stanleymouth,Sweden,Borås,incoming,Loan repayment,63163.08,5,2025-02-17,,360719-1347,High
74543812-7be6-4d12-919b-3ab9b50fffe0,2025-03-04 00:23:00,47258.06,ZMW,GB18LYFL79934662348382,SE8902UFZY41218181108055,Zambia,Port Glenfurt,Sweden,Sundsvall,incoming,Utility bill,16937.29,0,2025-03-04,,500128-9916,High
89ec7c08-8aa1-4788-bfec-84f022b9beb5,2025-02-10 14:24:00,27122.87,ZMW,GB72HZMS38944141378978,SE8902LIKB41550652178852,Zambia,Georgebury,Sweden,Landskrona,incoming,Subscription fee,9720.84,14,2025-02-10,,611015-7465,High
101197a0-19d9-42db-8080-3986787a6abf,2025-02-22 19:58:00,24249.77,RMB,GB61OHRP46388955845346,SE8902YCMH62501138405727,Myanmar,Fullermouth,Sweden,Trelleborg,outgoing,Utility bill,34842.07,19,2025-02-22,,440512-1270,High
7adb9387-a869-46a9-af33-ac007f23b8f3,2025-03-01 16:07:00,34478.63,ZAR,GB09DSBO80328141178247,SE8902RYJW27814189025495,South Africa,Oliverfort,Sweden,Kristianstad,incoming,Salary payment,19970.02,16,2025-03-01,,361111-3899,High
2cea6724-01de-4c2c-94df-8ce72757e0fe,2025-01-25 05:30:00,6880.09,ZMW,GB86IBFS84486657793589,SE8902JNFW68474844339506,Zambia,New Julie,Sweden,Lund,outgoing,Freelance project payment,2465.82,5,2025-01-25,,540411-6336,High
edbbdac2-c188-45c2-afb7-a0cd7ea2724f,2025-03-06 21:10:00,20842.74,RMB,GB67KXAS74454088701321,SE8902JYVV72673862515999,China,辉市,Sweden,Sandviken,incoming,,29946.85,21,2025-03-06,,860506-6011,High
6716c2d6-8656-4018-abec-512d8efc03e4,2025-01-19 18:56:00,32528.2,RMB,GB41USQC45901866369010,SE8902XZAS22158117574887,Myanmar,Lake Samuel,Sweden,Eskilstuna,incoming,Gift to family member,46736.52,18,2025-01-19,,780628-1619,High
62174549-50a9-4e8e-af46-3f95586639a3,2025-04-02 07:25:00,13717.9,ZAR,GB48EVIC23575085193450,SE8902JFUD24261264737631,South Africa,New Mohammad,Sweden,Norrköping,incoming,Loan repayment,7945.41,7,2025-04-02,,030411-1388,High
c16a4874-e2ae-4112-b4f0-d0d295967080,2025-05-27 02:43:00,38767.0,ZAR,GB85YYZH71221553835183,SE8902QLQD50953604363689,South Africa,Lake Jonathanchester,Sweden,Sundsvall,outgoing,Online purchase,22453.85,2,2025-05-27,,940921-4039,High
eb4ba13a-f037-4d4e-998f-d6b4275ccc34,2026-02-01 10:23:00,4845.54,ZMW,GB83LOML63319697735966,SE8902CEKC27544305100945,Zambia,New Stuart,Sweden,Sundsvall,outgoing,Loan repayment,1736.64,10,2026-02-01,,690226-7522,High
3c551fa4-e986-4d5f-b423-b88be5e01e3f,2025-01-01 19:01:00,31592.91,ZAR,GB51ZETK14532100217057,SE8902YBWC04395871663306,South Africa,West Barbara,Sweden,Södertälje,outgoing,Mobile recharge,18298.61,19,2025-01-01,,010404-6354,High
ff2c5382-53f3-46dc-8f42-748dfee03cb1,2025-04-16 00:00:00,33258.99,ZMW,GB35WYMM51128241164342,SE8902FLMA18768060331290,Zambia,Bibiview,Sweden,Stockholm,incoming,Consulting fee,11920.02,0,2025-04-16,,441119-7330,High
4afa43eb-76b8-43b1-8c2c-230c1b6d7e2f,2025-02-03 09:56:00,43229.4,ZMW,GB42NWSW10190266858227,SE8902HRWG83554443123395,Zambia,Griffithsborough,Sweden,Helsingborg,outgoing,Insurance payout,15493.42,9,2025-02-03,,700610-4371,High
eebf0ac9-e288-4484-ad07-48759bb74955,2025-02-06 13:11:00,41624.65,RMB,GB83ZVGV35092728052386,SE8902OEQF58082660806550,Myanmar,Warrenhaven,Sweden,Alingsås,incoming,,59806.3,13,2025-02-06,,710609-6535,High
51ac007d-b9b4-4441-8d03-683657015948,2025-02-02 17:14:00,47799.68,ZAR,GB35TVQT31070594603268,SE8902ZEJN42200086959831,South Africa,West Benland,Sweden,Luleå,incoming,Tax refund,27685.57,17,2025-02-02,,750620-1875,High
29f95624-b579-4ce8-bcdf-483586a5c313,2025-03-01 15:21:00,8502.92,ZMW,GB40NDIN34173118205892,SE8902HODK85678819977506,Zambia,East Joshuaberg,Sweden,Örnsköldsvik,outgoing,Subscription fee,3047.45,15,2025-03-01,,351123-4134,High
6cced7c9-fa63-4708-8453-4544f611bcab,2025-01-17 21:51:00,39711.08,RMB,GB66YRGV55153086268268,SE8902AUQD67157033620100,China,超市,Sweden,Borlänge,outgoing,Subscription fee,57056.88,21,2025-01-17,,460704-8594,High
15b4ae6b-7e6f-46d3-84ca-590af31a3fc4,2025-04-22 08:51:00,36350.12,RMB,GB52BEKO75622637369830,SE8902EANL33346362686121,China,敏县,Sweden,Karlskoga,outgoing,,52227.85,8,2025-04-22,,751005-1860,High
8a367e99-ce8e-4c82-8171-42fabc170395,2025-01-06 18:33:00,7908.46,RMB,GB42KUFB07594203242990,SE8902WOXH43586674611980,Myanmar,Lake Josephchester,Sweden,Mölndal,outgoing,Tax refund,11362.88,18,2025-01-06,,940521-7903,High
ec07d908-c041-4740-8858-c96c1010eb87,2025-04-25 06:05:00,29425.09,ZMW,GB35HUAH60059363493943,SE8902BCJH45677202414984,Zambia,Stewartview,Sweden,Karlskrona,incoming,Insurance payout,10545.95,6,2025-04-25,,351214-1205,High
49cc18d0-9096-4b5d-a02e-a189372ae0b2,2025-04-29 20:20:00,45683.91,RMB,GB94HWJU14194928172338,SE8902FKXG94756014478535,China,磊市,Sweden,Helsingborg,outgoing,Insurance payout,65638.64,20,2025-04-29,,610503-2723,High
9611c034-f298-4800-8a12-d4366d3d090d,2025-05-06 20:05:00,41803.39,ZMW,GB77STIK49142118619739,SE8902ORRS48118816092087,Zambia,Mosschester,Sweden,Malmö,outgoing,,14982.33,20,2025-05-06,,710429-8620,High
f307a524-099e-4e7e-be2d-cdcf5bd74bf4,2025-02-01 15:29:00,41642.15,RMB,GB64DVUI84355356802035,SE8902JHMA69643058655073,China,天津市,Sweden,Lidingö,incoming,Salary payment,59831.44,15,2025-02-01,,361103-9037,High
beca6eb9-93f7-4d75-9ce3-fc1027b86059,2025-03-24 23:19:00,9172.15,ZAR,GB44NDWZ22951052908425,SE8902JUBX10521679094085,South Africa,West Joanberg,Sweden,Falun,incoming,Rent transfer,5312.51,23,2025-03-24,,050405-2614,High
2fbf845a-7065-4965-8486-a31e5190dcd5,2025-02-12 23:01:00,905.77,RMB,GB30UJRU36761646438149,SE8902QVVH33425126369593,Myanmar,Lake Cameronhaven,Sweden,Växjö,outgoing,Online purchase,1301.41,23,2025-02-12,,670318-0346,High
c1c0ba8e-dec0-482d-b86e-ec6451e52835,2025-02-01 20:54:00,27010.52,RMB,GB88LAWE55824808167310,SE8902YXOS87838017500335,Myanmar,Pritchardview,Sweden,Skövde,incoming,Mobile recharge,38808.72,20,2025-02-01,,940822-3189,High
df9b7776-0e36-41e2-9fa6-ddcb0ef157e8,2025-02-27 14:24:00,28962.44,ZMW,GB26NHZP69575993564837,SE8902QYWM08226326615443,Zambia,West Adam,Sweden,Eskilstuna,outgoing,Loan repayment,10380.14,14,2025-02-27,,810529-0871,High
eaaf34b1-564b-41cf-bdb7-281369ca3f4d,2025-04-07 08:52:00,36737.38,RMB,GB45HBEC02522339208282,SE8902QIQI47434237190569,Myanmar,East Angela,Sweden,Karlskoga,incoming,Subscription fee,52784.27,8,2025-04-07,,980130-3422,High
9f9f0af3-1b87-4ced-a967-1fcd1fb63ff6,2025-04-26 20:29:00,37023.4,RMB,GB85UNIL28542843056536,SE8902YZWC23724318974586,China,重庆市,Sweden,Helsingborg,outgoing,Subscription fee,53195.22,20,2025-04-26,,831029-2936,High
b95a01c3-57e0-4665-9e12-c9064a1237f9,2025-04-26 22:39:00,18028.92,ZMW,GB41TTRY22264138229616,SE8902RMLX84077931088026,Zambia,Hudsonshire,Sweden,Borlänge,outgoing,Gift to family member,6461.56,22,2025-04-26,,420716-3587,High
7391db31-adea-43d2-be17-cdd7cbf659a6,2025-02-26 21:07:00,25122.94,RMB,GB15XYFL08097280994968,SE8902UNRA52610184151556,China,晶市,Sweden,Trelleborg,incoming,Subscription fee,36096.64,21,2025-02-26,,980723-0439,High
61757785-5698-44d7-a2c7-6fe2a0317c57,2025-03-28 19:04:00,17409.5,RMB,GB88DSAY36496824984433,SE8902DMTK02100815459260,Myanmar,Allenstad,Sweden,Örnsköldsvik,incoming,,25013.97,19,2025-03-28,,911111-4402,High
2fd9cd1f-670f-4284-8381-ee532a4bfdc3,2025-02-03 21:30:00,43497.7,RMB,GB14WEET79574180711689,SE8902WWPN36583068524999,China,红梅市,Sweden,Stockholm,incoming,Mobile recharge,62497.5,21,2025-02-03,,921231-2673,High
008ca798-71cc-42a1-85f2-6e090fa68a1c,2025-04-22 02:18:00,2962.47,RMB,GB38AKZJ81372531242666,SE8902AOEI11888157159723,Myanmar,Kathleenborough,Sweden,Lund,outgoing,Gift to family member,4256.48,2,2025-04-22,,910425-0569,High
5977fd10-cb98-4c7b-a057-972aefe556bf,2025-04-15 21:13:00,5779.0,RMB,GB35YJGA31615881341766,SE8902KCJU30225323097413,China,晨市,Sweden,Lidköping,incoming,Insurance payout,8303.27,21,2025-04-15,,600828-3746,High
f04febe7-43ba-425e-9b19-32bef596f3bc,2025-01-11 16:19:00,45158.65,RMB,GB60ZRBK12026424456076,SE8902OZOM23207181936410,China,璐县,Sweden,Alingsås,outgoing,,64883.95,16,2025-01-11,,901208-9356,High
e42da89f-0716-4e7b-b547-7a00969e5576,2025-03-09 10:07:00,6748.24,RMB,GB14OMYP74759399428726,SE8902SUPU22107368286746,Myanmar,South Marie,Sweden,,outgoing,Tax refund,9695.87,10,2025-03-09,,410404-6919,High
3e40759c-5795-4b0e-975f-a7a9f5b97709,2025-03-31 21:39:00,23326.04,ZAR,GB30ALYJ47327690356665,SE8902PLXR29095818137187,South Africa,New Cliveburgh,Sweden,Falun,outgoing,Consulting fee,13510.44,21,2025-03-31,,980130-3422,High
92edca36-5254-4682-9ddc-bf1ffe9227f8,2025-01-24 16:44:00,6598.07,ZAR,GB63QGCP83279048786877,SE8902WMGQ92121042977797,South Africa,Christinefort,Sweden,Karlstad,outgoing,Rent transfer,3821.6,16,2025-01-24,,500128-9916,High
6395a962-384a-4f2a-89db-dabba0954f42,2025-03-15 18:44:00,36788.12,ZAR,GB42QOBR24361961304364,SE8902XIPF48454762305912,South Africa,Jonathanmouth,Sweden,Nyköping,outgoing,Online purchase,21307.68,18,2025-03-15,,550512-0229,High
7c883405-1c28-49cc-be01-2ab31ea319f5,2025-03-04 21:18:00,23295.64,RMB,GB59YKAB81430129897218,SE8902QVLD06706916367921,Myanmar,West Andrea,Sweden,Lidköping,outgoing,Insurance payout,33471.18,21,2025-03-04,,570529-2893,High
f52dd26e-b257-4d34-a1f4-b14a8fef39f9,2025-02-08 00:16:00,31971.41,ZAR,GB84IUIR01228269557373,SE8902NUWT16017828621340,South Africa,South Tonyside,Sweden,Jönköping,incoming,Mobile recharge,18517.84,0,2025-02-08,,521207-7944,High
c937a8bb-0fb4-494f-bc87-fa783db0f1d2,2025-03-26 18:04:00,3838.5,ZAR,GB08HSWT14732222608140,SE8902RYJW27814189025495,South Africa,West Alexandra,Sweden,Eskilstuna,outgoing,Insurance payout,2223.26,18,2025-03-26,,361111-3899,High
82b91574-f2b3-4baa-a1a2-fd9b9760e718,2025-04-23 21:05:00,13221.43,ZAR,GB94RUKZ12266825400521,SE8902JDXF35466571430209,South Africa,Heatherstad,Sweden,Borås,outgoing,Payment for invoice #5287,7657.85,21,2025-04-23,,940925-9703,High
99a78524-94fe-4c1c-b0ea-9bc3e4ef618a,2025-03-08 03:19:00,29647.46,ZAR,GB53YAXZ68049346845451,SE8902BBDN08764843226603,South Africa,Simonton,Sweden,Borlänge,outgoing,Utility bill,17171.81,3,2025-03-08,,810921-9520,High
cb782811-085d-4f86-943c-ccba2dd8a0ef,2025-04-05 01:29:00,3090.03,ZAR,GB65XPAV55718716833022,SE8902JYVV72673862515999,South Africa,West Kathleenland,Sweden,Linköping,outgoing,,1789.75,1,2025-04-05,,860506-6011,High
f540d1f2-6a4f-44a1-a105-9f0221cef41c,2025-05-06 03:36:00,40498.16,RMB,GB15HJIZ25133138396418,SE8902KJYB05100798381483,Myanmar,South Lorraine,Sweden,Örnsköldsvik,outgoing,Tax refund,58187.76,3,2025-05-06,,020829-7697,High
51bf68e3-25ee-495e-8603-b31caa433155,2025-01-09 07:44:00,4023.89,ZAR,GB53WAJH60406225635927,SE8902VULP28317370301184,South Africa,West Dannyview,Sweden,Piteå,incoming,Insurance payout,2330.64,7,2025-01-09,,901124-3400,High
e40f68c7-6b5e-47bb-8814-79195b1b3872,2025-04-29 22:56:00,4811.73,ZAR,GB22KCWU16260678161529,SE8902TVVW07944483518187,South Africa,Christianborough,Sweden,Luleå,incoming,Tax refund,2786.95,22,2025-04-29,,440224-9439,High
136e8122-7b48-4c1a-b781-88ccd16e9421,2025-03-26 12:50:00,21729.89,RMB,GB11EVYM13274523627808,SE8902LIKB41550652178852,China,西宁市,Sweden,Linköping,incoming,Salary payment,31221.51,12,2025-03-26,,611015-7465,High
374e7c42-0995-4702-88ef-8ef58037ac2d,2025-02-11 23:01:00,38391.86,ZMW,GB83GEKZ98553934719625,SE8902YZWZ87858217066053,Zambia,Browntown,Sweden,Norrköping,incoming,Utility bill,13759.64,23,2025-02-11,,660925-8436,High
b90894f1-b5ec-45e0-8f24-ec5966b8bcb9,2025-03-26 17:13:00,43576.55,RMB,GB20DWGF90523318491677,SE8902TZSS77431559302602,Myanmar,Port Emma,Sweden,Östersund,incoming,Consulting fee,62610.79,17,2025-03-26,,810529-0871,High
c4dcea4c-15fc-4f70-a866-c7f9019adc4f,2025-04-23 04:50:00,7282.65,RMB,GB97IWQG10641230940242,SE8902EDII68114485236045,Myanmar,New Conor,Sweden,Eskilstuna,incoming,Insurance payout,10463.71,4,2025-04-23,,400518-2425,High
9603c7fe-656f-4454-a89d-c60e67e5f8d5,2025-01-13 16:57:00,37020.51,RMB,GB88DUYS37651150825146,SE8902XARM90172386742244,Myanmar,Whiteland,Sweden,Gävle,outgoing,Rent transfer,53191.07,16,2025-01-13,,800306-5847,High
3ed25dcb-925b-42ea-9707-3b112f6881ed,2025-04-21 16:09:00,17300.32,ZMW,GB97NFVI11902983955854,SE8902MQZJ06643246897705,Zambia,Sianmouth,Sweden,Luleå,outgoing,Payment for invoice #7320,6200.43,16,2025-04-21,,050623-3907,High
c9c42910-d1b3-4249-8ece-2fb898543e7f,2025-03-21 09:30:00,49007.43,ZAR,GB28UZYW67245867643934,SE8902GFDI02146082509603,South Africa,Victoriachester,Sweden,Helsingborg,incoming,Insurance payout,28385.1,9,2025-03-21,,661223-2626,High
b3639bbe-8eb0-42a6-8ca4-a443eb18d08f,2025-04-17 23:03:00,32960.04,RMB,GB11WJVS49846024209927,SE8902KVOL90407760349687,China,梧州县,Sweden,Gävle,outgoing,Utility bill,47356.99,23,2025-04-17,,770716-1829,High
dbb20e2b-7a77-4a0e-bfd9-4199489d96f1,2025-01-02 19:07:00,23403.44,ZMW,GB57XBXA68625105996765,SE8902KLCO29429723379486,Zambia,Lake Traceyshire,Sweden,Örebro,outgoing,,8387.79,19,2025-01-02,,721012-5659,High
478e3966-27ef-4a2e-8549-01352ee20606,2025-02-09 19:15:00,47018.59,RMB,GB63XPLQ93129298305079,SE8902UTKC76119475507073,China,,Sweden,Södertälje,incoming,Salary payment,67556.31,19,2025-02-09,,500523-1906,High
9469f52c-8bdc-4c5f-aa95-073d54c3a13d,2025-03-21 21:56:00,37154.26,RMB,GB66IYMI85910642356957,SE8902VBBU70773188294633,China,瑞市,Sweden,Kristianstad,incoming,Online purchase,53383.24,21,2025-03-21,,990316-2809,High
0494a7e2-2858-4201-ac46-a4a95f4465ad,2025-04-16 12:28:00,23704.12,ZAR,GB87CYRW59797529318956,SE8902TSIH97788635751412,South Africa,New Leslie,Sweden,Norrköping,outgoing,Mobile recharge,13729.43,12,2025-04-16,,420515-5866,High
7840844f-7cea-4d64-a276-962a6be08b29,2025-03-12 12:17:00,43101.25,ZAR,GB02UYIO53312211419735,SE8902LGDS93932200371895,South Africa,West Rosie,Sweden,Alingsås,outgoing,Reimbursement for travel,24964.24,12,2025-03-12,,841214-1296,High
3dea00cc-c36c-4341-82a1-ffed852b8524,2025-05-16 06:02:00,22347.48,ZAR,GB19VGVC96996851733607,SE8902XBWW91028579125870,South Africa,West Ben,Sweden,Mölndal,outgoing,Consulting fee,12943.66,6,2025-05-16,,421220-9953,High
2f972a95-fbac-4bff-83be-5443dcc3c209,2025-05-01 12:45:00,38968.34,ZMW,GB03DGCV74852203153786,SE8902GYOU97729788286246,Zambia,Carpenterburgh,Sweden,Motala,outgoing,Online purchase,13966.25,12,2025-05-01,,671006-6009,High
87d9b674-f98b-497d-b3c1-b2e7d603cc83,2025-05-12 03:58:00,23400.26,ZAR,GB28SCMA81152689725921,SE8902JFUD24261264737631,South Africa,Port Francesca,Sweden,Varberg,outgoing,Gift to family member,13553.43,3,2025-05-12,,030411-1388,High
2d3b5cbd-08ab-440b-80b4-61c4ee498fc8,2025-03-08 18:13:00,11247.95,ZAR,GB58AXKN00749058085238,SE8902TVFH53282057943154,South Africa,Williamhaven,Sweden,Halmstad,outgoing,Online purchase,6514.81,18,2025-03-08,,950709-3822,High
857e3009-6fdb-4c05-8263-36dcdffcb2cf,2025-01-12 10:32:00,30166.98,ZMW,GB25XHYJ35620105427825,SE8902DZEM65843874009450,Zambia,Lake Callumborough,Sweden,Malmö,outgoing,Loan repayment,10811.85,10,2025-01-12,,511005-5604,High
d38c6e20-f105-4c23-96b1-cdc6bbfffb35,2025-04-12 10:21:00,23391.98,RMB,GB58IYDW57755713895073,SE8902TNEQ21759041931830,Myanmar,Lake Pamela,Sweden,Trollhättan,incoming,Reimbursement for travel,33609.6,10,2025-04-12,,500902-1220,High
759fa639-e25c-4d81-9f26-3f217ddace5c,2025-05-18 21:58:00,4655.57,ZAR,GB86CDJO29864578111015,SE8902EHTP72915274751435,South Africa,West Luke,Sweden,Örnsköldsvik,outgoing,,2696.51,21,2025-05-18,,870818-9462,High
6b1c69d6-7ac7-40fe-abe7-502c47810d11,2025-05-09 01:29:00,10171.61,ZAR,GB37SZHF81003685243349,SE8902AZSP13287899419402,South Africa,Port Olivia,Sweden,Kristianstad,incoming,Tax refund,5891.4,1,2025-05-09,,751005-1860,High
4ad67f37-0a69-4f26-897e-171e5b5a2cb3,2025-05-08 02:06:00,5326.86,ZMW,GB80VITR91070481198077,SE8902GSWE68166162519198,Zambia,New Tonymouth,Sweden,Växjö,incoming,Mobile recharge,1909.15,2,2025-05-08,,880919-9121,High
8dd736eb-375a-46ea-9ea0-6962e06c2e0a,2025-03-25 05:11:00,26385.12,ZAR,GB30DHLN12717592744195,SE8902YREH60256445948405,South Africa,Petermouth,Sweden,Östersund,outgoing,Gift to family member,15282.26,5,2025-03-25,,500226-1625,High
1111a437-207a-4792-82b9-1cf978be3d94,2025-01-23 07:46:00,31320.5,ZAR,GB76VGWL76029483302302,SE8902PEJL40222448009128,South Africa,South Maureen,Sweden,Trollhättan,outgoing,Utility bill,18140.83,7,2025-01-23,,570120-3019,High
4ef051ea-f032-4175-a387-01fcbb0f7c2b,2025-04-20 12:45:00,32486.93,RMB,GB24BDPX58795247276970,SE8902EYGF77551822415743,Myanmar,Deanhaven,Sweden,Jönköping,outgoing,,46677.22,12,2025-04-20,,380518-3252,High
4b52da56-26db-40da-9127-33875f8d4d61,2025-02-25 16:51:00,26205.11,RMB,GB12YNDG72209636416515,SE8902AUQD67157033620100,Myanmar,North Cameronfurt,Sweden,Lidköping,incoming,Tax refund,37651.5,16,2025-02-25,,460704-8594,High
b7f379eb-bff8-481f-9e5f-c94580776f7b,2025-02-07 10:01:00,4693.14,ZMW,GB32KLWH54654024551114,SE8902TONI18274393550042,Zambia,Carlyburgh,Sweden,Motala,outgoing,Payment for invoice #8674,1682.02,10,2025-02-07,,960806-7808,High
46f0c6da-1835-4375-b9e9-ee4b1c58f774,2025-03-09 02:50:00,3992.88,RMB,GB05MLDW57153849705623,SE8902CHSI75448480838708,Myanmar,Clarkeview,Sweden,Sandviken,incoming,Mobile recharge,5736.97,2,2025-03-09,,981215-7254,High
c003744e-1130-4850-a6d8-ef7e9593bb03,2025-05-16 11:20:00,15410.11,ZMW,GB38FXAS74451080637245,SE8902YFUG89397049014204,Zambia,Tombury,Sweden,Lund,incoming,Freelance project payment,5522.98,11,2025-05-16,,041020-5371,High
85461ecd-5fef-4877-aee0-af1430e0054b,2025-03-23 06:05:00,28987.83,ZAR,GB42ZZAN83501708114428,SE8902RXQC04091454093931,South Africa,Port Elizabeth,Sweden,Varberg,incoming,Online purchase,16789.75,6,2025-03-23,,780805-2190,High
cb5f5d42-4d80-4efc-a0ae-a58f41159db4,2025-02-15 04:15:00,35151.86,RMB,GB28CEPC40219395705423,SE8902ABDS01701364961907,Myanmar,Bennettfort,Sweden,Alingsås,outgoing,Rent transfer,50506.19,4,2025-02-15,,470720-1630,High
856fa133-b324-4403-8c2c-772dcaf1ba09,2025-03-27 01:20:00,37003.38,ZMW,GB95FREW31262465744957,SE8902CRKA97370313824795,Zambia,Brendafort,Sweden,Nyköping,outgoing,Salary payment,13262.01,1,2025-03-27,,550718-8943,High
ff4677e3-c5ea-4a1f-8f6f-e275b8d99e9c,2025-03-02 22:02:00,24063.25,RMB,GB95YFDV55808433095159,SE8902VEMX25234923276716,China,合山市,Sweden,Lidköping,incoming,Utility bill,34574.08,22,2025-03-02,,710824-0206,High
784ac777-4192-45f4-8e2e-412565c2eee8,2025-03-21 10:28:00,15548.85,ZAR,GB34IBGG74929120767391,SE8902QZNU18414720978758,South Africa,Matthewville,Sweden,Skövde,incoming,Rent transfer,9005.89,10,2025-03-21,,420409-4124,High
dba1547d-4281-4205-b130-646659cd046d,2025-03-20 15:01:00,12265.06,RMB,GB17TJNX24638267731562,SE8902TTXT03943566438167,China,娟市,Sweden,Kristianstad,incoming,Loan repayment,17622.44,15,2025-03-20,,420430-8151,High
c5b66410-64ff-4a0e-a2e5-5ac750f142af,2025-03-09 16:23:00,6478.48,RMB,GB53QTFB86103629202557,SE8902IOJE14304978072957,Myanmar,North Jacquelineburgh,Sweden,Göteborg,incoming,Rent transfer,9308.28,16,2025-03-09,,870926-1112,High
2926b7d6-d608-4927-8ef3-173181b64a23,2025-02-20 15:24:00,40760.65,RMB,GB91KJQZ01546376187954,SE8902HRZI51889347255465,Myanmar,Brownfurt,Sweden,Stockholm,outgoing,Freelance project payment,58564.9,15,2025-02-20,,970320-1955,High
5a659b0e-89b7-42ad-afce-ca842443dc99,2025-03-31 08:16:00,47150.7,RMB,GB47CJPK48353232147362,SE8902HEMI79004079416247,China,林县,Sweden,Västerås,incoming,Freelance project payment,67746.13,8,2025-03-31,,810417-8192,High
b3158bfb-a421-49ce-a7ce-4db9cba7234a,2025-02-03 08:22:00,30038.94,ZMW,GB96KEHM71526375055716,SE8902OYAH39744900512609,Zambia,West Carole,Sweden,Linköping,outgoing,Subscription fee,10765.96,8,2025-02-03,,050623-3907,High
e5963c0b-ee6a-4056-896d-2d9438647b82,2025-03-11 20:36:00,28574.52,ZMW,GB84BCIZ92873092478288,SE8902DSLW17149818922650,Zambia,Lake Keith,,Lidingö,incoming,Reimbursement for travel,10241.11,20,2025-03-11,,951215-6036,High
2c1382a3-38f6-47ee-b4a8-05fb4460dad6,2025-03-20 21:37:00,32461.46,RMB,GB66SWMP35637747207259,SE8902PEZC68306534625963,Myanmar,Cliffordton,Sweden,Nyköping,outgoing,Online purchase,46640.63,21,2025-03-20,,460327-4996,High
b9044861-0954-4647-af6f-19c76c44d215,2025-04-22 04:17:00,970.99,RMB,GB94ESIU59535402886962,SE8902IFOG47846578093385,China,合肥市,Sweden,Borås,outgoing,Freelance project payment,1395.12,4,2025-04-22,,851027-1458,High
043bc1c2-b4e3-4ab9-9a89-331a2d12612e,2025-02-25 11:15:00,11301.91,ZMW,GB45LWAL79196237634241,SE8902KFFK50136015318581,,New Gordonborough,Sweden,Sandviken,incoming,Loan repayment,4050.6,11,2025-02-25,,940210-9509,High
68a4fc34-104f-4436-a3ba-3d4a28d74061,2025-04-30 16:59:00,31862.42,ZAR,GB68DLCE39035966332234,SE8902TJBO76009734317061,South Africa,Shaunport,Sweden,Linköping,incoming,Loan repayment,18454.71,16,2025-04-30,,661104-6993,High
d24bb72e-c022-4de1-94c5-8d3d6d363f18,2025-01-18 08:37:00,37614.24,RMB,GB39WBWL70592269313265,SE8902GDTV65148682209789,Myanmar,New Bradley,Sweden,Eskilstuna,outgoing,Salary payment,54044.14,8,2025-01-18,,570924-4312,High
0f1a681e-a207-44fe-9ce6-d6f580bf562e,2025-03-30 02:42:00,48378.86,ZAR,GB45XGSK06512690536704,SE8902KLES25420753966546,South Africa,South Suzannestad,Sweden,Gävle,incoming,,28021.04,2,2025-03-30,,700610-4371,High
5239c17b-1b54-4075-9c82-eea31a7e3915,2025-04-29 04:45:00,49104.64,RMB,GB22WQYE41112292734898,SE8902ONYK29813236113604,China,秀梅市,Sweden,Ängelholm,incoming,Rent transfer,70553.55,4,2025-04-29,,741111-0344,High
5e70ca64-1754-4298-9835-752e83cecf54,2025-05-10 16:26:00,1132.69,ZAR,GB98FZCV59495915735118,SE8902RNTE90201112878494,South Africa,North Dorothy,Sweden,Norrköping,incoming,Payment for invoice #7842,656.05,16,2025-05-10,,880919-9121,High
894402cc-8de4-4f13-8587-1320bf113c5c,2025-02-27 15:08:00,49886.68,RMB,GB64BXQE77897814308844,SE8902XPRV76493567899496,China,雷县,Sweden,Lund,incoming,Reimbursement for travel,71677.18,15,2025-02-27,,430822-7596,High
5f903658-082f-4f11-9156-97bcdc3c80f6,2025-01-30 19:52:00,35924.15,RMB,GB21XCYB83908760885150,SE8902UGUU35326815762231,Myanmar,East Natashatown,Sweden,Varberg,outgoing,Salary payment,51615.82,19,2025-01-30,,881124-5011,High
5ff02e1d-ed6f-4336-a749-2c19e3abde12,2025-01-08 13:17:00,45724.19,ZAR,GB60SUSA04403571204960,SE8902LVSQ11356198112962,South Africa,West Cliffordfort,Sweden,Stockholm,incoming,Tax refund,26483.45,13,2025-01-08,,000615-6756,High
3e5278e2-4792-4dc7-8b68-7eb5eb8f1ea2,2025-01-12 05:41:00,39399.73,ZAR,GB11KNIA61567000851271,SE8902XFYN40331665173936,South Africa,Lambborough,Sweden,Alingsås,outgoing,Subscription fee,22820.32,5,2025-01-12,,520519-5133,High
21cf4958-1464-49e7-bbd4-19a235ef611d,2025-03-15 14:24:00,28240.15,ZMW,GB80DRMS61400185665365,SE8902WQDY35666811304216,Zambia,Huntport,Sweden,Göteborg,outgoing,Consulting fee,10121.27,14,2025-03-15,,540522-6134,High
5b568e4a-0f2e-4c4c-a034-5771f456b18c,2025-01-10 06:22:00,2482.15,ZMW,GB36ZPWM78777333948724,SE8902OLYJ75119346245205,Zambia,Owenside,Sweden,Eskilstuna,outgoing,Salary payment,889.6,6,2025-01-10,,440512-1270,High
89bfb51e-b1bc-458d-b648-dd99b8acaf85,2025-01-27 01:10:00,47641.75,ZAR,GB40PBSL68274196038023,SE8902SXSV66139578019742,South Africa,Angelamouth,Sweden,Örnsköldsvik,incoming,Freelance project payment,27594.1,1,2025-01-27,,940314-4687,High
150975e4-f521-4e63-a900-39fe5a39460c,2025-03-01 20:24:00,14209.57,RMB,GB56UHSZ13124706042299,SE8902UXKG57479907330381,China,重庆市,Sweden,Örnsköldsvik,incoming,Loan repayment,20416.31,20,2025-03-01,,861208-3793,High
d5e1c3b0-672b-4e89-adfa-6e069d533092,2025-03-09 17:22:00,43728.09,ZMW,GB03TPLS74097588220528,SE8902GGWE97497502378359,Zambia,South Lesley,Sweden,Örnsköldsvik,outgoing,,15672.15,17,2025-03-09,,850110-2126,High
df730e0d-0f74-410a-961f-02540536905a,2025-03-21 14:45:00,9498.02,RMB,GB60GCKF94450142391052,SE8902TJON16189488376725,China,兴安盟县,,Östersund,outgoing,Tax refund,13646.76,14,2025-03-21,,880721-1449,High
0ff44730-65fa-4025-852a-a5ac1a27fe5e,2025-02-23 16:14:00,35699.75,RMB,GB19LLMN42341401231085,SE8902YJGY22142109131075,China,晨市,Sweden,Södertälje,outgoing,Rent transfer,51293.4,16,2025-02-23,,681002-1789,High
1ab6d88e-cb35-49d8-bcf9-d583d5a5683c,2025-03-21 22:47:00,32317.26,RMB,GB14VIWQ19507653748643,SE8902ORAT65143572227414,Myanmar,Lindastad,Sweden,Piteå,outgoing,Subscription fee,46433.44,22,2025-03-21,,010602-2940,High
5b8218e4-e420-4119-ac14-00688ff74bb5,2025-02-06 15:50:00,31140.38,ZMW,GB74BZJT95741012673101,SE8902REOE84824920257605,Zambia,Kerryside,Sweden,Halmstad,outgoing,Reimbursement for travel,11160.71,15,2025-02-06,,680818-7006,High
c183517e-d78b-430d-b6f9-1ae7a963cb49,2025-03-24 10:13:00,34329.67,ZMW,GB62TCPG69665194070191,SE8902KWAF90270853352878,Zambia,Lake Mollyhaven,Sweden,Eskilstuna,incoming,Mobile recharge,12303.75,10,2025-03-24,,410710-9094,High
cb7bc6e7-ed41-4492-b882-89ce9d6d68d9,2025-03-19 07:38:00,42773.0,RMB,GB27ZCGQ31971507062089,SE8902ZJVA11817265425330,China,柳州县,Sweden,Gävle,incoming,Consulting fee,61456.25,7,2025-03-19,,870510-7632,High
9e372b6e-e8a9-4fdd-9da8-08b83961091f,2025-03-11 03:41:00,24524.12,RMB,GB37OWWB43447580682036,SE8902UZPG07009538779616,China,健市,Sweden,Örnsköldsvik,incoming,Reimbursement for travel,35236.26,3,2025-03-11,,840407-4828,High
500b645a-11b4-4d3b-8a70-c7182e5538d7,2025-01-09 07:47:00,25976.2,ZAR,GB40ROPH07634507448077,SE8902BADP38378986803145,South Africa,Thomasfurt,Sweden,Linköping,outgoing,Consulting fee,15045.42,7,2025-01-09,,910827-2437,High
a51f0668-d552-4e6c-b0c0-24ac1e6eee4a,2025-02-09 12:05:00,12331.86,RMB,GB42OLJK79222633283183,SE8902LARY75915594710859,China,晨县,Sweden,Sandviken,incoming,Loan repayment,17718.42,12,2025-02-09,,881125-6802,High
062fe5b8-da86-4925-9d2c-630a9d355764,2025-01-08 10:45:00,41911.31,ZAR,GB30XTRK31401124079937,SE8902ABDS01701364961907,South Africa,Lake Tina,Sweden,Ängelholm,incoming,Mobile recharge,24275.03,10,2025-01-08,,470720-1630,High
95d0a7e4-74c6-43c8-ba44-67f948b57ebf,2025-01-18 21:00:00,814.91,RMB,GB32WTJU93215538543697,SE8902SRDG63581614639448,China,秀云县,Sweden,Lidköping,incoming,Consulting fee,1170.86,21,2025-01-18,,060130-5568,High
72e22a43-b246-495c-9397-8f157eeb6450,2025-05-02 04:21:00,49099.07,RMB,GB09RWRO08266498895663,SE8902EYZV57214534359238,Myanmar,West Aaronland,Sweden,Halmstad,outgoing,Utility bill,70545.54,4,2025-05-02,,611114-2755,High
f084cf8e-876d-4a93-ba66-3feaf2ce8b50,2025-01-14 13:21:00,34021.57,ZAR,GB79ATGF90435132258846,SE8902SUPU22107368286746,South Africa,Metcalfemouth,Sweden,Sandviken,incoming,,19705.29,13,2025-01-14,,410404-6919,High
0a07ce1a-da22-433a-a00a-63434f72e3b5,2025-04-14 12:44:00,12262.62,ZAR,GB76AXDS78885303830036,SE8902QSEX48124440213093,South Africa,North Natashabury,Sweden,Sandviken,incoming,Insurance payout,7102.51,12,2025-04-14,,550718-8943,High
31f893d2-c281-4889-90bf-288eee472dfe,2025-04-25 05:32:00,48758.21,RMB,GB78MTMJ26896919500325,SE8902KLNQ25617997709976,China,辽阳市,Sweden,Skellefteå,incoming,Tax refund,70055.8,5,2025-04-25,,390526-2642,High
4287679a-866e-4fc0-85af-8dca065cf5e9,2025-05-02 06:09:00,32599.43,ZAR,GB87TDNT35037017263758,SE8902IRET80983872349375,South Africa,Robertschester,Sweden,Örnsköldsvik,incoming,Subscription fee,18881.59,6,2025-05-02,,021116-3951,High
b1e543c8-2882-491f-8de2-7a76fcac7e01,2025-04-06 02:42:00,20283.64,ZMW,GB30ZTUJ00185589954720,SE8902IIVG09252145366202,Zambia,Clarkhaven,Sweden,Luleå,incoming,Salary payment,7269.66,2,2025-04-06,,680912-5039,High
46be34c6-a6f5-4a60-97be-f91c1bdf69f4,2025-02-22 12:45:00,1637.43,RMB,GB50YOLE43257388815880,SE8902HMCZ09136061205337,China,秀芳县,Sweden,Umeå,incoming,Tax refund,2352.66,12,2025-02-22,,410829-6163,High
a2021006-b9a5-43ee-b1f0-d1a8920cbf46,2025-02-05 00:55:00,21406.37,RMB,GB15JGFU57098711229595,SE8902BOXY64871872720401,China,拉萨县,Sweden,Västerås,outgoing,Loan repayment,30756.67,0,2025-02-05,,600915-9754,High
4d6cb32c-3e37-4125-9a1f-b0e6cf5812eb,2025-01-22 05:03:00,12202.88,ZMW,GB55SLEB77327267247564,SE8902WOXH43586674611980,Zambia,Port Clifford,Sweden,Trollhättan,incoming,Online purchase,4373.51,5,2025-01-22,,940521-7903,High
b86901e5-8244-4628-807d-ba6bae173dd4,2025-02-23 09:41:00,31864.15,ZMW,GB12LSTR75986931608473,SE8902NWBH42139231276122,Zambia,Lake Diana,Sweden,Borlänge,incoming,Utility bill,11420.11,9,2025-02-23,,940210-9509,High
ef5e476c-2c6a-4581-828a-e8647ee74b02,2025-02-21 07:49:00,9844.88,ZMW,GB58PVET16744871800837,SE8902GZKC59110904284187,Zambia,Nataliemouth,Sweden,Helsingborg,outgoing,Gift to family member,3528.4,7,2025-02-21,,410213-4998,High
855e3f28-e0fb-4d34-b305-88fe04bd436e,2025-02-08 16:21:00,44874.01,ZAR,GB92GBOG89809535669658,SE8902WQME16820619653293,South Africa,West Tracey,Sweden,Lidköping,outgoing,,25991.03,16,2025-02-08,,060925-9098,High
b2ce4963-fd41-40dc-9d23-1de194feeef9,2025-02-25 00:00:00,22605.61,RMB,GB39IBZU29580856143578,SE8902CNUK05592418774943,China,兰英县,Sweden,Uddevalla,outgoing,Subscription fee,32479.74,0,2025-02-25,,390106-8696,High
9ef2e9eb-aa04-414e-88db-22fb2b4cce55,2025-04-09 01:28:00,29665.05,ZAR,GB21HDUA47187732186003,SE8902WSOG82520529247442,South Africa,Lake Lydiamouth,Sweden,Stockholm,incoming,,17182.0,1,2025-04-09,,630813-9200,High
0992977e-8f22-4223-a134-c258390fba6c,2025-03-20 01:00:00,29709.33,RMB,GB57ILIQ68381065720472,SE8902OETG93189334327881,Myanmar,Carlyfurt,Sweden,Lidköping,outgoing,Online purchase,42686.37,1,2025-03-20,,921231-2673,High
64ad5233-a729-404a-8e80-42b75fc4a462,2025-03-10 14:31:00,724.68,RMB,GB92TIHZ34898703213785,SE8902PEMO00496019465141,Myanmar,South Stuart,Sweden,Karlskoga,outgoing,Online purchase,1041.22,14,2025-03-10,,780627-8714,High
cda3ca5d-70d7-4dcc-8172-bc0a7b9e7627,2025-05-02 12:49:00,37665.49,RMB,GB67QGNG18333168698250,SE8902PGNT42361129672323,China,台北市,Sweden,Kristianstad,outgoing,Salary payment,54117.78,12,2025-05-02,,650630-0398,High
f920ad78-309c-4b16-a931-b692dfe8ce3e,2025-01-15 15:13:00,408.57,ZAR,GB85BVMX01550638025886,SE8902KVOL90407760349687,South Africa,Lake Henry,,Lund,incoming,Payment for invoice #8910,236.64,15,2025-01-15,,770716-1829,High
c2697251-e651-441e-bb6f-2ceddbdbd7bd,2025-03-23 17:04:00,25640.65,RMB,GB88DHUB93826409737213,SE8902NLPV05101680537537,Myanmar,Donaldbury,Sweden,Alingsås,incoming,Salary payment,36840.49,17,2025-03-23,,411026-6477,High
2455f582-8e20-401a-a8eb-ac897c0404c0,2025-03-02 11:20:00,4820.27,ZMW,GB36FSJD57841457723723,SE8902YIXR29588609244770,Zambia,Taylorport,Sweden,Västerås,incoming,Tax refund,1727.58,11,2025-03-02,,480221-2193,High
52c6e2c8-91d2-40d8-9121-543132484064,2025-04-16 12:15:00,25559.41,RMB,GB20NAPJ69728697636808,SE8902TMHA72646385787943,China,永安市,Sweden,Lidköping,incoming,Loan repayment,36723.76,12,2025-04-16,,870206-1931,High
0a37e9a7-6a6e-4a3c-82c2-ed924f5867e8,2025-02-28 14:00:00,93.91,ZAR,GB17EKIH82188052542508,SE8902YBWC04395871663306,South Africa,Greenstad,Sweden,Piteå,outgoing,Subscription fee,54.39,14,2025-02-28,,010404-6354,High
907b530e-59a9-4d83-a8c5-875edec8f973,2025-01-21 10:00:00,71.61,RMB,GB34INCO76817158151909,SE8902BXJC93392072105707,Myanmar,New Abigail,Sweden,Karlskrona,outgoing,Loan repayment,102.89,10,2025-01-21,,930323-2665,High
eeb2b105-8e35-4c42-a774-148344891df8,2025-01-10 13:00:00,60.28,ZAR,GB22NGXE16381586323070,SE8902AXQM18280403499014,South Africa,Port Colin,Sweden,Östersund,incoming,Mobile recharge,34.91,13,2025-01-10,,890101-0481,High
096c2e97-8d1d-4272-acec-ff79540ac229,2025-01-24 14:00:00,187.56,RMB,GB05EWOA74534693538495,SE8902AXQM18280403499014,Myanmar,Knightland,Sweden,Piteå,incoming,Reimbursement for travel,269.49,14,2025-01-24,,890101-0481,High
04337597-a62a-4e36-8f1d-32e68d90564f,2025-02-26 11:00:00,20.88,ZMW,GB94JLLY47827988356981,SE8902TNEQ21759041931830,Zambia,Dorothybury,Sweden,Borås,outgoing,Salary payment,7.48,11,2025-02-26,,500902-1220,High
55970d8c-77f8-4efc-bee3-cb36e83b93aa,2025-03-25 16:00:00,95.54,RMB,GB28ODPZ56268743453323,SE8902XXAF74151570423565,China,建华市,Sweden,Karlskoga,incoming,Freelance project payment,137.27,16,2025-03-25,,570719-8890,High
00367576-41b5-477f-88ab-2a4353eeb33e,2025-03-21 16:00:00,93.75,ZMW,GB92QFDT14939612165684,SE8902JXNJ08943900596647,Zambia,Adamsfort,Sweden,Landskrona,incoming,Freelance project payment,33.6,16,2025-03-21,,981014-7646,High
