sender_account,date,transactions_count
SE8902ATDH36917846037146,2025-01-13,94
SE8902BABM26306156053804,2025-02-02,99
SE8902BXJC93392072105707,2025-02-15,99
SE8902CFVV30512683866714,2025-05-06,100
SE8902CODF26383416794081,2025-03-04,99
SE8902CUNN22125220865735,2025-02-15,97
SE8902DIGS61927513105237,2025-03-03,100
SE8902DJPX89629848207656,2025-04-05,97
SE8902DYMK28727836359365,2025-04-04,99
SE8902EPZK82020056741347,2025-03-14,98
SE8902EZER13441070597944,2025-04-09,98
SE8902FQVQ38132937638029,2025-01-22,99
SE8902FUAR93924916890637,2025-05-14,97
SE8902FUEO19973931032909,2025-01-08,98
SE8902GAFL88123638280516,2025-05-18,95
SE8902GGVM41036620748091,2025-01-01,96
SE8902GQAD77323256759071,2025-04-04,100
SE8902GQAF56677712799125,2025-05-01,99
SE8902GWOF13656646987338,2025-05-05,98
SE8902GYOM68592348894619,2025-04-27,99
SE8902HEMI79004079416247,2025-03-23,93
SE8902HNSY33169866302829,2025-02-06,99
SE8902KLVA35234334264887,2025-01-01,99
SE8902KMMG56349206484127,2025-05-10,99
SE8902LACW59549122762926,2025-05-01,99
SE8902LCFU45262185232485,2025-02-22,98
SE8902LFOG32831877730656,2025-01-29,100
SE8902LQPT91446488103734,2025-03-09,92
SE8902MCFO49095808464569,2025-05-17,98
SE8902NNNO44225102810397,2025-05-06,98
SE8902NSZV23305609626569,2025-03-12,101
SE8902NVBN39901843446898,2025-04-20,96
SE8902NZPO70353430427963,2025-03-24,97
SE8902PEMO00496019465141,2025-03-15,98
SE8902PJBO20718804604298,2025-03-15,99
SE8902RDFD79748993078910,2025-03-21,96
SE8902RMGJ56941789044857,2025-03-16,100
SE8902TJBO76009734317061,2025-03-06,101
SE8902TOSX14314674232363,2025-02-12,99
SE8902UIXL22740523863004,2025-04-23,96
SE8902URSV28669190464010,2025-02-24,101
SE8902UTYY22254486734176,2025-02-24,100
SE8902VJEF22408425695352,2025-04-24,99
SE8902VYBF24172056441453,2025-01-25,99
SE8902WRAH16184147348462,2025-05-10,98
SE8902WSLA24954889786348,2025-03-30,94
SE8902WZEL99650586037049,2025-04-23,100
SE8902XARR24637715791113,2025-02-09,98
SE8902YBIX02378701637177,2025-04-28,98
SE8902ZRZI47417483372579,2025-02-05,99
